raw_row_number,lat,lng,location,district,date,time,stop_count,share_of_total
30,37.7514449,-122.3895744,"26TH & MINNESOTA",C,13514.0,36000.0,2001,11.9
31,37.7925635,-122.3909731,"EMBARCADERO & HOWARDA ON",B,13514.0,37020.0,2670,15.9
32,37.7615623,-122.480251,"1700 JUDAH",I,13514.0,37500.0,1378,8.2
33,37.7987116,-122.4079096,COLUMBUS/VALLEJO,A,13514.0,37680.0,1063,6.3
34,37.7771816,-122.4073353,"FOLSOM & MOSS",J,13514.0,38100.0,1045,6.2
35,37.7930755,-122.422808,"WASHINGTON/VAN NESS",E,13514.0,38400.0,2263,13.4
36,37.738037,-122.4513019,"400 MOLIMO",H,13514.0,38700.0,2502,14.9
37,37.7537838,-122.4872124,NORIEGA/29TH,I,13514.0,39300.0,1378,8.2
1,37.78497480000001,-122.419572,"POLK AT OFARRELL",E,13514.0,660.0,2263,13.4
38,37.7775519,-122.3911263,"3RD & BERRY",B,13514.0,39600.0,2670,15.9
39,37.72767839999999,-122.3881338,UNDERWOOD/JENNINGS,C,13514.0,40620.0,2001,11.9
40,37.7727882,-122.3981296,"280 S/B @ OCEAN AVE EXIT",H,13514.0,41280.0,2502,14.9
10,37.7506051,-122.4022101,26THST/KANSAS,C,13514.0,4560.0,2001,11.9
11,37.76028489999999,-122.5058489,"JUDAH ST & 46TH AVE",I,13514.0,4800.0,1378,8.2
41,37.7591439,-122.4108627,"20TH & TENNESSEE",B,13514.0,43860.0,2670,15.9
42,37.7737729,-122.408536,"8TH ST/HARRISON",B,13514.0,44280.0,2670,15.9
43,37.772569700000005,-122.48429640000002,"FULTON & 25TH AVE",G,13514.0,44700.0,1076,6.4
44,37.7809532,-122.4643025,"GEARY & 6TH AV",G,13514.0,45600.0,1076,6.4
45,37.8008441,-122.4362433,"CHESTNUT & FILLMOREDA ON",E,13514.0,46140.0,2263,13.4
46,37.7740403,-122.4521393,"GROVE @ BAKER",F,13514.0,46200.0,1340,8.0
47,37.7236047,-122.4388485,OCEAN@CAYUGA,H,13514.0,46920.0,2502,14.9
48,37.7164074,-122.4410866,GENEVA/MISSION,H,13514.0,47100.0,2502,14.9
49,37.7809439,-122.4675125,"9TH AV/GEARY BL",G,13514.0,47280.0,1076,6.4
50,37.7164074,-122.4410866,GENEVA/MISSION,H,13514.0,47400.0,2502,14.9
51,37.7913282,-122.4224585,"VAN NESS & SACRAMENTO",E,13514.0,48720.0,2263,13.4
52,37.7742851,-122.4047697,"7TH & BRYANT",B,13514.0,49500.0,2670,15.9
53,37.7699536,-122.4199623,"13TH ST / MISSION ST",D,13514.0,50220.0,1482,8.8
12,37.78670880000001,-122.4068458,"130 OFARRELL",J,13514.0,6000.0,1045,6.2
54,37.775785,-122.4241999,"FELL & OCTAVIA",E,13514.0,51840.0,2263,13.4
55,37.7618277,-122.4328912,"FORD AND NOE",D,13514.0,52200.0,1482,8.8
56,37.72270379999999,-122.4449868,"SAN JOSE & ONIEDA",H,13514.0,52200.0,2502,14.9
57,37.7906891,-122.4240929,"FRANKLIN & GROVE",E,13514.0,52320.0,2263,13.4
58,37.7598327,-122.4258706,"19TH ST AND DOLORES ST",D,13514.0,52740.0,1482,8.8
59,37.7713289,-122.5111227,"GREAT HWY/FULTON",G,13514.0,53100.0,1076,6.4
13,37.724695,-122.4529324,"50 PHELAN",H,13514.0,6300.0,2502,14.9
60,37.7721456,-122.4745298,"PARK PRESIDIO/JFK",G,13514.0,54960.0,1076,6.4
61,37.7665961,-122.4210799,"15TH ST/JULIAN AV",D,13514.0,59760.0,1482,8.8
62,37.7752838,-122.4159371,"10TH STREET & MISSION",B,13514.0,62400.0,2670,15.9
63,37.7178915,-122.4423977,GENEVA/ALEMANY,H,13514.0,63900.0,2502,14.9
64,37.7603707,-122.4170493,"19TH ST AT SOUTH VANNESS AVE",D,13514.0,64800.0,1482,8.8
65,37.7749295,-122.4194155,HWY101NB,C,13514.0,65520.0,2001,11.9
66,37.7810463,-122.4203923,"VAN NESS AVE @ GOLDEN GATE ST",E,13514.0,65880.0,2263,13.4
67,37.7824706,-122.439284,DIVISADERO/OFARREL,F,13514.0,66600.0,1340,8.0
69,37.778583000000005,-122.4208774,"VANNESS & MARKETNESWA ON",B,13514.0,68400.0,2670,15.9
68,37.7469916,-122.4713511,"15TH AVE & RIVERA ST",I,13514.0,68400.0,1378,8.2
70,37.7342958,-122.4327678,"WILDE AND CARRIE",H,13514.0,69060.0,2502,14.9
71,37.7713192,-122.4591996,"JFK & MIDDLE DRIVE",F,13514.0,69300.0,1340,8.0
72,37.7790823,-122.50725420000002,"46TH AV @ GEARY BLVD",G,13514.0,69480.0,1076,6.4
73,37.7771833,-122.4650866,"BALBOA ST/7TH AV",G,13514.0,69900.0,1076,6.4
74,37.7713192,-122.4591996,"JFK & MIDDLE DRIVE",F,13514.0,69900.0,1340,8.0
75,37.7987116,-122.4079096,"COLUMBUS & VALLEJOSWA ON",A,13514.0,70200.0,1063,6.3
76,37.78187750000001,-122.4138801,"LEAVENWORTH AND GOLDEN GATE",J,13514.0,70800.0,1045,6.2
77,37.742817,-122.3880258,"EVANS AT THIRD STREET",C,13514.0,72000.0,2001,11.9
78,37.7111138,-122.42715990000002,"1688 GENEVA AVE",H,13514.0,74400.0,2502,14.9
79,37.7139386,-122.4411846,"POPE ST & CROSS ST",H,13514.0,74700.0,2502,14.9
81,37.780725,-122.4722672,"GEARY/PARK PRESIDIO",G,13514.0,75600.0,1076,6.4
80,37.7759174,-122.4043399,"850 BRYANT STREET",A,13514.0,75600.0,1063,6.3
82,37.7823139,-122.4059628,"MINNA & 5TH STREET",B,13514.0,76500.0,2670,15.9
83,37.7987396,-122.3998979,"BROADWAY & FRONT",A,13514.0,78000.0,1063,6.3
84,37.7373148,-122.4131337,"REVERE AVR & KEITH",C,13514.0,78120.0,2001,11.9
85,37.7892973,-122.4489584,"CALIFORNIA & WALNUT",G,13514.0,78300.0,1076,6.4
86,37.753976,-122.4164407,"SO VAN NESS/23RD",D,13514.0,78480.0,1482,8.8
87,37.7844688,-122.4079864,"POWELL & STOCKTON",A,13514.0,78600.0,1063,6.3
88,37.7792143,-122.4109628,"7TH STREET & MISSION",J,13514.0,78900.0,1045,6.2
89,37.7846152,-122.4194998,"850 POLK",J,13514.0,79200.0,1045,6.2
91,37.78107500000001,-122.447612,MASONIC/ANZA,G,13514.0,79200.0,1076,6.4
90,37.7976366,-122.4086324,"BROADWAY & STOCKTONWA ON",A,13514.0,79200.0,1063,6.3
93,37.78551710000001,-122.4537618,"CALIFORNIA & SPRUCE",G,13514.0,79800.0,1076,6.4
95,37.7377936,-122.3959698,"OAKDALE AVE & QUINT",C,13514.0,79800.0,2001,11.9
92,37.7654834,-122.4773968,19TH/LINCOLN,G,13514.0,79800.0,1076,6.4
94,37.7993815,-122.4089395,"COLUMBUS & STOCKTONWA ON",A,13514.0,79800.0,1063,6.3
96,37.7656055,-122.4312713,"MARKET ST/15TH ST",D,13514.0,80100.0,1482,8.8
97,37.7887065,-122.405239,"GRANT & POST",J,13514.0,80280.0,1045,6.2
98,37.7875726,-122.421707,"VAN NESS AVE/SUTTER",E,13514.0,80700.0,2263,13.4
99,37.7470321,-122.4705373,"14TH AVE & RIVERA ST",I,13514.0,81000.0,1378,8.2
100,37.7618426,-122.4193887,18TH/MISSION,D,13514.0,81000.0,1482,8.8
101,37.7829042,-122.4655036,"7TH AVE & CLEMENT",G,13514.0,81240.0,1076,6.4
102,37.712526,-122.4191832,"1725 SUNNYDALE",H,13514.0,81360.0,2502,14.9
103,37.78560220000001,-122.4146425,"LEAVENWORTH AND OFARRELL",J,13514.0,81420.0,1045,6.2
104,37.7604938,-122.4100197,19TH/BRYANT,D,13514.0,81600.0,1482,8.8
105,37.727656,-122.4324727,"MISSION & AVALON",H,13514.0,81780.0,2502,14.9
106,38.5449065,-121.7405167,"DAVIS & BROADWAYTONWA ON",A,13514.0,81900.0,1063,6.3
107,37.77046929999999,-122.5110482,"GREAT HIGHWAY/JFK DR",G,13514.0,81900.0,1076,6.4
108,37.7846672,-122.4120835,"357 ELLIS",J,13514.0,82500.0,1045,6.2
109,37.7699578,-122.4206114,"DUBOCE ST & 13TH ST.",B,13514.0,82500.0,2670,15.9
2,37.7850913,-122.4111659,"ELLIS AND TAYLOR",J,13514.0,1380.0,1045,6.2
110,37.7978749,-122.4067162,"BROADWAY & COLUMBUS",A,13514.0,82800.0,1063,6.3
111,37.7946125,-122.4248871,PACIFIC&FRANKLIN,E,13514.0,82920.0,2263,13.4
112,37.7988877,-122.3987172,"BROADWAY AT DAVIS",A,13514.0,83100.0,1063,6.3
113,37.7850913,-122.4111659,"ELLIS & TAYLOR",J,13514.0,83100.0,1045,6.2
114,37.78055560000001,-122.47619070000002,"GEARY & 17TH AVE",G,13514.0,83100.0,1076,6.4
115,37.7765716,-122.433057,"DIVISADERO ST AND GROVE ST.",F,13514.0,83700.0,1340,8.0
116,37.7289473,-122.3785372,"NAVY & GRIFFITH",C,13514.0,84000.0,2001,11.9
117,37.7830985,-122.4612218,"3RD AV/CLEMENT ST",G,13514.0,84600.0,1076,6.4
118,37.775455,-122.39705,"5TH ST & TOWNSEND ST.",B,13514.0,84900.0,2670,15.9
119,37.716183,-122.450409,"LAKEVIEW & SAN JOSE",I,13514.0,85200.0,1378,8.2
120,37.771911200000005,-122.454095,"FELL & STANYAN",E,13514.0,85620.0,2263,13.4
121,37.7836359,-122.4378359,GEARY&SCOTT,F,13514.0,85740.0,1340,8.0
122,37.786691600000005,-122.4188753,"1035 POST",A,13514.0,85980.0,1063,6.3
123,37.7846684,-122.4144517,ELLIS/LEAVENWORTH,J,13514.0,86100.0,1045,6.2
14,37.7593813,-122.4069477,"POTRERO @ 20TH",D,13514.0,9600.0,1482,8.8
15,37.7561742,-122.4067237,"POTRERO ST AND 22THST",D,13514.0,9600.0,1482,8.8
3,37.774949,-122.4192915,101/ARMY,D,13514.0,1680.0,1482,8.8
4,37.7749295,-122.4194155,"CHARLES J BRENNAN ANDMARKET",J,13514.0,1800.0,1045,6.2
5,37.7993175,-122.3975688,EMBARCADERO/BROADWAY,E,13514.0,1800.0,2263,13.4
16,37.773644700000006,-122.4409359,FELL/BAKER,F,13514.0,12000.0,1340,8.0
17,37.785520700000006,-122.4065459,"800 MARKET",B,13514.0,13140.0,2670,15.9
6,37.7397793,-122.4236755,MISSION/RANDALL,H,13514.0,2280.0,2502,14.9
7,37.7854319,-122.4247159,"GOUGH AT GEARY",E,13514.0,2880.0,2263,13.4
8,37.7978368,-122.4070369,"600 BLK OF BROADWAY",E,13514.0,3000.0,2263,13.4
18,37.7220747,-122.4397933,ONONDAGA/CAYUGA,H,13514.0,18600.0,2502,14.9
9,37.7277189,-122.4058424,"MLK & 19TH AVE",I,13514.0,3300.0,1378,8.2
19,37.7867986,-122.4073963,"170 O'FARRELL",J,13514.0,24600.0,1045,6.2
20,37.7653997,-122.41561609999998,"16TH & FOLSOM",D,13514.0,25200.0,1482,8.8
21,37.7620395,-122.4161099,"18TH & SHOTWELL",D,13514.0,27000.0,1482,8.8
22,37.7754511,-122.5075613,"4528 BALBOA ST",K,13514.0,27420.0,20,0.1
23,37.7429633,-122.4778431,21STAVE&TARAVAL,I,13514.0,28800.0,1378,8.2
24,37.7481787,-122.4202933,"CESAR CHAVEZ & VELENCIA",D,13514.0,28800.0,1482,8.8
25,37.788746,-122.40342040000002,"FRANCE & LISBON",H,13514.0,29700.0,2502,14.9
26,37.7598846,-122.4758052,18THAVE&KIRKHAM,I,13514.0,31200.0,1378,8.2
27,37.8066456,-122.4208108,"700 BEACH ST",A,13514.0,32220.0,1063,6.3
28,37.749699,-122.3973141,"CESAR CHAVEZ & EVANSC",C,13514.0,32400.0,2001,11.9
29,37.7300325,-122.4283595,"NEY & CRAUT",H,13514.0,33600.0,2502,14.9
126,37.7732756,-122.5100448,"LA PLAYA/CABRILLO",G,13515.0,3600.0,1076,6.4
230,37.7654834,-122.4773968,LINCOLN/19TH,I,13515.0,36000.0,1378,8.2
227,37.7750068,-122.4131808,"9TH & HOWARD",B,13515.0,36000.0,2670,15.9
226,37.7779834,-122.409425,7TH/HOWARD,J,13515.0,36000.0,1045,6.2
228,37.7571095,-122.4178321,"CAPP & 21ST ST__M",D,13515.0,36000.0,1482,8.8
229,37.80311349999999,-122.4374597,"CERVANTES STREET AT ALHAMBRA STREET",E,13515.0,36000.0,2263,13.4
231,37.758778,-122.4169008,"S VAN NESS & 20TH",D,13515.0,36180.0,1482,8.8
232,37.7588171,-122.47896090000002,"21ST & ALABAMA",D,13515.0,36300.0,1482,8.8
233,37.7236047,-122.4388485,OCEAN/CAYUGA,H,13515.0,36360.0,2502,14.9
234,37.7309807,-122.4061184,"SILLIMAM AT GIRARD",C,13515.0,36600.0,2001,11.9
235,37.7164074,-122.4410866,GENEVA/MISSION,H,13515.0,36720.0,2502,14.9
238,37.7750068,-122.4131808,"9TH & HOWARD",B,13515.0,37200.0,2670,15.9
237,37.759303,-122.4178665,"469 CAPP ST",D,13515.0,37200.0,1482,8.8
236,37.7602395,-122.4192312,"19TH & MISSION",D,13515.0,37200.0,1482,8.8
239,37.80311349999999,-122.4374597,"CERVANTES STREET AT ALHAMBRA STREET",E,13515.0,37200.0,2263,13.4
127,37.7649267,-122.4219112,"16TH @ VALENCIA",D,13515.0,3780.0,1482,8.8
240,37.74383579999999,-122.4243394,"DOLORES AND 29TH ST",K,13515.0,37800.0,20,0.1
241,37.733487,-122.4285872,"BOSWORTH ST/CUVIER ST",H,13515.0,38040.0,2502,14.9
242,37.80311349999999,-122.4374597,"CERVANTES STREET AT ALHAMBRA STREET",E,13515.0,38100.0,2263,13.4
243,37.7267884,-122.4660765,"OCEAN & 19THSTEREHAVE",I,13515.0,38340.0,1378,8.2
244,37.7905896,-122.42069879999998,CALIFORNIA/POLK,E,13515.0,38460.0,2263,13.4
245,37.7164074,-122.4410866,"GENEVA /MISSION",H,13515.0,38580.0,2502,14.9
128,37.7866356,-122.4216764,"VAN NESS & POST",E,13515.0,3900.0,2263,13.4
248,37.7276455,-122.4036235,"SAN BRUNO AT BACON",C,13515.0,39000.0,2001,11.9
246,37.7164074,-122.4410866,GENEVA/MISSION,H,13515.0,39000.0,2502,14.9
247,37.7750068,-122.4131808,"9TH & HOWARD",B,13515.0,39000.0,2670,15.9
249,37.7469628,-122.4199648,"VALENCIA & 15TH STSTO ON",D,13515.0,39360.0,1482,8.8
129,37.7481787,-122.4202933,"VALENCIA & CESAR CHAVEZ",H,13515.0,4200.0,2502,14.9
250,37.74664979999999,-122.4201629,"DUNCAN & VALENCIA",H,13515.0,39600.0,2502,14.9
251,37.7750068,-122.4131808,"9TH & HOWARD",B,13515.0,39900.0,2670,15.9
252,37.7491415,-122.4117885,"3040 HARRISON ST",D,13515.0,40260.0,1482,8.8
254,37.7527657,-122.4088878,"BRYANT & 15TH STSTSTO ON",D,13515.0,40680.0,1482,8.8
253,37.7651863,-122.417527,"16TH & S VAN NESS",D,13515.0,40680.0,1482,8.8
255,37.7801204,-122.4858394,"GEARY/26TH AVE",G,13515.0,41100.0,1076,6.4
256,37.80311349999999,-122.4374597,"CERVANTES STREET AT ALHAMBRA STREET",E,13515.0,41400.0,2263,13.4
257,37.80311349999999,-122.4374597,"CERVANTES STREET AT ALHAMBRA STREET",E,13515.0,42600.0,2263,13.4
130,37.7959394,-122.4218895,PACIFIC/BROADWAY,A,13515.0,4560.0,1063,6.3
131,37.7600604,-122.42228,19TH/LAPIDGE,D,13515.0,4620.0,1482,8.8
132,37.7678791,-122.4208,"1800 MISSION STREET",B,13515.0,4740.0,2670,15.9
258,37.7830119,-122.4124237,"TURK & JONES",J,13515.0,44100.0,1045,6.2
259,37.766918200000006,-122.4561008,"KEZAR AND MLK DRIVE",F,13515.0,44700.0,1340,8.0
260,37.7467814,-122.4191417,"MISSION & PRECITA",D,13515.0,45000.0,1482,8.8
261,37.7216347,-122.4458799,"SAN JOSE @ SENECA",H,13515.0,45180.0,2502,14.9
262,37.7310257,-122.4270935,"165 TRUMBULL",H,13515.0,45300.0,2502,14.9
263,37.7386078,-122.4668486,"WEST PORTAL & PORTOLA",I,13515.0,45600.0,1378,8.2
265,37.7840059,-122.4345444,"GEARY BLVD AT STEINER STREET",E,13515.0,45900.0,2263,13.4
264,37.78410239999999,-122.4125412,"300 EDDY ST",B,13515.0,45900.0,2670,15.9
266,37.7702207,-122.4378327,WALLER/ALPINE,F,13515.0,45900.0,1340,8.0
267,37.7276455,-122.4036235,"BACON AT SAN BRUNO",C,13515.0,46200.0,2001,11.9
268,37.7424128,-122.3876551,"3RD ST / EVANS AVE",C,13515.0,46500.0,2001,11.9
270,37.76653599999999,-122.420109,"1900 BLK OF MISSION",B,13515.0,46800.0,2670,15.9
271,37.8056888,-122.4054091,"FRANCISCO & MONTGOMERY",A,13515.0,46800.0,1063,6.3
269,37.7692289,-122.4243134,"127 GUERRERO",D,13515.0,46800.0,1482,8.8
272,37.76017179999999,-122.4173293,"19ST/SOUTH VAN NESS",D,13515.0,46920.0,1482,8.8
273,37.7309904,-122.4295756,"ALEMANY & ROUSSEAU",H,13515.0,47400.0,2502,14.9
274,37.7740929,-122.4375942,DIVISADERO/FELL,F,13515.0,47400.0,1340,8.0
275,37.779039700000006,-122.4285939,MCALLISTER/BUCHANAN,F,13515.0,48000.0,1340,8.0
276,37.7840059,-122.4345444,"GEARY BLVD AT STEINER STREET",E,13515.0,48300.0,2263,13.4
279,37.725752,-122.3814035,SHAFTER@GRIFFITH,C,13515.0,48600.0,2001,11.9
278,37.7382258,-122.3983849,"RANKIN & PALOU IA",C,13515.0,48600.0,2001,11.9
277,37.7481102,-122.4182816,"MISSION & CESAR CHAVEZ",D,13515.0,48600.0,1482,8.8
280,37.7751225,-122.4193352,MARKET/VANNESS,B,13515.0,49200.0,2670,15.9
281,37.7807062,-122.4153337,"HYDE & MCALLISTEROMER",J,13515.0,49500.0,1045,6.2
282,37.8001115,-122.4344468,LOMBARD/WEBSTER,E,13515.0,49980.0,2263,13.4
284,37.754841600000006,-122.4206045,"MISSION & COLLEGE",H,13515.0,50400.0,2502,14.9
283,37.738713700000005,-122.389247,"3RD & JERROLD",C,13515.0,50400.0,2001,11.9
285,37.7232373,-122.4531349,OCEAN/HAROLD,H,13515.0,50940.0,2502,14.9
286,37.7232373,-122.4531349,OCEAN/HAROLD,I,13515.0,50940.0,1378,8.2
287,37.7347832,-122.390654,"3RD & OAKDALE",C,13515.0,51000.0,2001,11.9
288,37.7690667,-122.4332549,"CHURCH & DUBOCESTHAVE",E,13515.0,51060.0,2263,13.4
289,37.7787183,-122.4147847,"MARKET & 8TH ST",B,13515.0,51360.0,2670,15.9
290,37.7690667,-122.4332549,"CHURCH & DUBOCESTHAVE",E,13515.0,51780.0,2263,13.4
291,37.7984385,-122.4022479,"BROADWAY AT SANSOM STREET",A,13515.0,52200.0,1063,6.3
292,37.7836151,-122.4416369,BRODERICK/DIVISADERO,F,13515.0,52440.0,1340,8.0
294,37.7300475,-122.4046202,"FELTON AT SAN BRUNO",C,13515.0,53100.0,2001,11.9
293,37.7429343,-122.4893563,"2376 32ND AVE",I,13515.0,53100.0,1378,8.2
295,37.72431,-122.43519,"MISSION ST/NORTON ST",H,13515.0,53640.0,2502,14.9
296,37.7528607,-122.408214,"24TH ST & YORK",D,13515.0,53880.0,1482,8.8
297,37.7355761,-122.504212,"SLOAT/46TH AVE",I,13515.0,53880.0,1378,8.2
124,37.7558204,-122.39514409999998,"700 BLK MOSSOURI",C,13515.0,900.0,2001,11.9
298,37.7264035,-122.4334118,"MISSION ST/EXCELISORAVE",H,13515.0,54300.0,2502,14.9
300,37.723902,-122.4354022,"MISSION ST/OCEAN AVE",H,13515.0,55500.0,2502,14.9
299,37.7189011,-122.4437354,"GENEVA & CAYUGA",H,13515.0,55500.0,2502,14.9
301,37.783312200000005,-122.4327268,FILLMORE/OFARRELL,E,13515.0,56340.0,2263,13.4
302,37.786272,-122.452349,"1870 JACKSON STTANDER",E,13515.0,57000.0,2263,13.4
303,37.7854319,-122.4247159,GOUGH/GEARY,E,13515.0,57240.0,2263,13.4
304,37.7300475,-122.4046202,"SAN BRUNO & FELTON",C,13515.0,57780.0,2001,11.9
305,37.7882451,-122.4230471,"1565 BUSH ST STTANDER",E,13515.0,57900.0,2263,13.4
306,37.76148370000001,-122.4519854,"STANYAN/17TH ST",F,13515.0,58500.0,1340,8.0
307,37.739575,-122.4069224,"BAYSHORE & CORTLAND",C,13515.0,59100.0,2001,11.9
308,37.7286481,-122.4043177,"2600 SAN BRUNO",C,13515.0,59400.0,2001,11.9
309,37.7788516,-122.4082874,"HOWARD & RUSS",B,13515.0,59400.0,2670,15.9
310,37.787355600000005,-122.4234272,"SUTTER & LARKINTANDER",E,13515.0,59400.0,2263,13.4
311,37.7446559,-122.4046496,"240 BAYSHORE",C,13515.0,59520.0,2001,11.9
312,37.7879365,-122.4319746,CALIF/WEBSTER,E,13515.0,59820.0,2263,13.4
313,37.754841600000006,-122.4206045,"MISSION & COLLEGE",H,13515.0,60180.0,2502,14.9
316,37.7442106,-122.4272742,"PAUL & BAYSHORERORMON ON",C,13515.0,60300.0,2001,11.9
315,37.7793193,-122.40769579999998,"HOWARD & HARRIET",B,13515.0,60300.0,2670,15.9
314,37.76485220000001,-122.4016227,"17TH & DEHARO",C,13515.0,60300.0,2001,11.9
317,37.7713078,-122.408549,9TH@BRYANT,C,13515.0,60480.0,2001,11.9
318,37.7898631,-122.3980015,"84 1ST STLARKINTANDER",B,13515.0,60600.0,2670,15.9
319,37.78352659999999,-122.4159115,EDDY/HYDE,E,13515.0,60780.0,2263,13.4
320,37.7734633,-122.464833,"FULTON/7TH AV",G,13515.0,60840.0,1076,6.4
321,37.7750068,-122.4131808,"HOWARD ST & 9TH ST",B,13515.0,60840.0,2670,15.9
322,37.743193700000006,-122.4203133,"190 COLERIDGE",H,13515.0,61140.0,2502,14.9
324,37.7837352,-122.41426470000002,"LEAVENWORTH ST. & EDDY ST.",J,13515.0,61200.0,1045,6.2
325,37.7596168,-122.4269038,"MISSION & PARK",H,13515.0,61200.0,2502,14.9
323,37.7663167,-122.3988366,"1100 BLK 16TH STNTNTO ON",C,13515.0,61200.0,2001,11.9
326,37.7323099,-122.3896217,"QUESADA AVE/LANE STREET",C,13515.0,61440.0,2001,11.9
328,37.727470200000006,-122.4037867,"2700 SAN BRUNO",C,13515.0,61800.0,2001,11.9
327,37.7660904,-122.40271409999998,"16TH & RHODE ISLAND",C,13515.0,61800.0,2001,11.9
329,37.7871144,-122.4037513,"11TH & MARKET STANDER",B,13515.0,62100.0,2670,15.9
330,37.707579,-122.4016839,"BAYSHORE & QUINTANDER",C,13515.0,62400.0,2001,11.9
331,37.7442106,-122.4272742,"PAUL & BAYSHORERORMON ON",C,13515.0,62400.0,2001,11.9
332,37.79173249999999,-122.4192517,LARKIN/SCRAMENTO,E,13515.0,62700.0,2263,13.4
333,37.777463,-122.4131762,"MISSION & 8TH ST.",B,13515.0,62700.0,2670,15.9
334,37.7724134,-122.4147158,"11TH & FOLSOMDCKTONER",B,13515.0,62940.0,2670,15.9
335,37.7762749,-122.3899616,"3RD ST & TERRY A. FRANCOIS",C,13515.0,63000.0,2001,11.9
336,37.769308200000005,-122.40700929999998,"DIVISION & BRYANTONER",B,13515.0,63840.0,2670,15.9
337,37.7130169,-122.4083888,"250 LELAND",H,13515.0,63900.0,2502,14.9
338,37.7509423,-122.4133835,25TH/CONN,C,13515.0,63960.0,2001,11.9
339,37.7503065,-122.3877274,"THIRD & QUESADATANDER",C,13515.0,64140.0,2001,11.9
340,37.742817,-122.3880258,"3RD & EVANS",C,13515.0,64200.0,2001,11.9
341,37.7651863,-122.417527,"16TH ST.S VAN NESS",D,13515.0,64440.0,1482,8.8
342,37.7264307,-122.3892478,"WALLACE/JENNINGS AVE",C,13515.0,64800.0,2001,11.9
343,37.7943597,-122.4197873,JACKSON/LARKIN,A,13515.0,65100.0,1063,6.3
344,37.744038,-122.4209151,"MISSION & 29TH",H,13515.0,65460.0,2502,14.9
345,37.74841929999999,-122.481465,24TH/JQUINTARA,I,13515.0,65700.0,1378,8.2
347,37.743139,-122.4214971,"MISSION ST & VIRGINIA ST",H,13515.0,66000.0,2502,14.9
346,37.7296615,-122.4048103,"2520 SAN BRUNO",C,13515.0,66000.0,2001,11.9
348,37.7661336,-122.4017452,"16TH & DEHARO",D,13515.0,66300.0,1482,8.8
350,37.79017169999999,-122.40881609999998,"BUSH ST & POWELL ST",A,13515.0,66300.0,1063,6.3
349,37.7236047,-122.4388485,"900 CAYUGA",H,13515.0,66300.0,2502,14.9
351,37.7778192,-122.4003128,"5TH & BRYANT",B,13515.0,66600.0,2670,15.9
352,37.7569378,-122.4541397,"CLARENDON CHRISTOPHER ST",F,13515.0,66600.0,1340,8.0
353,37.711046,-122.412902,"SUNNYDALE & GARRISON",H,13515.0,66600.0,2502,14.9
354,37.7827442,-122.4064991,"5TH & MISSION",B,13515.0,67200.0,2670,15.9
355,37.7405959,-122.4657866,"WARREN 6TH AVE",F,13515.0,67200.0,1340,8.0
356,37.7839391,-122.4126225,"JONES ST. & EDDY ST.",J,13515.0,67380.0,1045,6.2
358,37.747359,-122.41487250000002,PRECITA/SHOTWELL,H,13515.0,67800.0,2502,14.9
357,37.7868476,-122.41236299999998,"GEARY BLVD. & SHANNON ALLEY",J,13515.0,67800.0,1045,6.2
360,37.7830119,-122.4124237,"TURK ST. & JONES ST.",J,13515.0,68400.0,1045,6.2
359,37.7608908,-122.4350262,"CASTRO ST/18TH ST",D,13515.0,68400.0,1482,8.8
362,37.786119,-122.4181182,"LARKIN / GEARY STS",E,13515.0,69000.0,2263,13.4
361,37.784516,-122.4042942,"4TH & MISSION",B,13515.0,69000.0,2670,15.9
363,37.765523,-122.412976,"16TH ST @ HARRISON ST",D,13515.0,69600.0,1482,8.8
364,37.718605200000006,-122.4413033,ALEMANY/SENECA,H,13515.0,69600.0,2502,14.9
365,37.7316428,-122.3919104,"3RD & SHAFTER",C,13515.0,69660.0,2001,11.9
366,37.7665961,-122.4210799,"15TH/JULIAN STS",D,13515.0,69900.0,1482,8.8
368,37.7945258,-122.4113884,"MASON @ WASHINGTON",A,13515.0,70200.0,1063,6.3
367,37.740959100000005,-122.38469209999998,"EVANS & MENDELL",C,13515.0,70200.0,2001,11.9
369,37.7945258,-122.4113884,"MASON @ WASHINGTON",A,13515.0,70200.0,1063,6.3
370,37.7661456,-122.4313313,"200 SANCHEZ ST",D,13515.0,70500.0,1482,8.8
371,37.7316428,-122.3919104,"3RD & SHAFTER",C,13515.0,70740.0,2001,11.9
372,37.73959979999999,-122.3879436,"1579 HUDSON AVE",C,13515.0,71280.0,2001,11.9
373,37.7339955,-122.390927,"3RD & PALOU",C,13515.0,71280.0,2001,11.9
374,37.7775412,-122.4022011,"GROVE AND OAK ST",F,13515.0,72540.0,1340,8.0
375,37.7800751,-122.4836774,"24TH AND GEARY",G,13515.0,72900.0,1076,6.4
376,37.76485220000001,-122.4016227,"DE HARO/17TH STREET",C,13515.0,72960.0,2001,11.9
377,37.7528313,-122.3878904,"3RD & 25TH",C,13515.0,73800.0,2001,11.9
378,37.7837352,-122.41426470000002,"EDDY ST & LEAVENWORTH ST",J,13515.0,73800.0,1045,6.2
379,37.7372106,-122.3899382,"3RD / LASALLE",C,13515.0,74100.0,2001,11.9
380,37.7850471,-122.4280217,GEARY/LAGUNA,E,13515.0,74100.0,2263,13.4
381,37.7725094,-122.4070337,"8TH & BRYANT",C,13515.0,74400.0,2001,11.9
382,37.7896337,-122.4357007,STEINER/SACRAMENTO,E,13515.0,74700.0,2263,13.4
133,37.7760211,-122.4447795,FULTON/CENTRAL,F,13515.0,7500.0,1340,8.0
383,37.7795485,-122.398165,"4TH & BRYANT",C,13515.0,75600.0,2001,11.9
384,37.7810402,-122.4653777,"GEARY/7TH AV",G,13515.0,75600.0,1076,6.4
385,37.7731659,-122.47126409999998,FUNSTON/FULTON,G,13515.0,75900.0,1076,6.4
386,37.70640170000001,-122.4132443,"S/B SCHWERIN AT SUNNDAYDALE AVE",H,13515.0,76680.0,2502,14.9
387,37.74383579999999,-122.4243394,"29TH ST AND DELORES ST.",H,13515.0,76920.0,2502,14.9
389,37.7312281,-122.4013125,"THORTON & MERCURY",C,13515.0,77400.0,2001,11.9
388,37.78777120000001,-122.4201317,POLK/SUTTER,E,13515.0,77400.0,2263,13.4
390,37.76580070000001,-122.46859750000002,"11TH AVE & LINCOLN",I,13515.0,77700.0,1378,8.2
391,37.7795485,-122.398165,"4TH & BRYANT",B,13515.0,77700.0,2670,15.9
392,37.7270872,-122.3841947,"1243 SHAFTER ST",C,13515.0,78300.0,2001,11.9
134,37.7921793,-122.4227822,"VAN NESS/CLAY",E,13515.0,8100.0,2263,13.4
393,37.77046929999999,-122.5110482,"GREAT HIGHWAY/JFK",G,13515.0,78600.0,1076,6.4
394,37.763400700000005,-122.4044138,"WB MARIPOSA@VERMONT",C,13515.0,78720.0,2001,11.9
396,37.7417299,-122.3895831,PHELPS/GALVEZ,C,13515.0,78900.0,2001,11.9
395,37.7612741,-122.4363732,"74 COLLINGWOOD ST",D,13515.0,78900.0,1482,8.8
135,37.7832516,-122.4095292,"25 TURK",B,13515.0,8400.0,2670,15.9
399,37.79323170000001,-122.3932047,"STEUART & MISSIONTNTO ON",B,13515.0,79200.0,2670,15.9
397,37.7796318,-122.4254011,"800 BLK OF MCALLISTER",E,13515.0,79200.0,2263,13.4
398,37.7787183,-122.4147847,"8TH & MARKET",B,13515.0,79200.0,2670,15.9
400,37.74491829999999,-122.4758464,"19TH AV & SANTIAGO",I,13515.0,79680.0,1378,8.2
402,37.7318633,-122.3872014,"PALOU AVE/KEITH STREET",C,13515.0,80100.0,2001,11.9
401,37.7578886,-122.4075947,"2636 21ST STREET",D,13515.0,80100.0,1482,8.8
403,37.7750068,-122.4131808,"9TH ST & HOWARD ST",B,13515.0,80340.0,2670,15.9
404,37.7382258,-122.3983849,"PALOU AVE/RANKIN",C,13515.0,80700.0,2001,11.9
405,37.7831079,-122.419195,POLK/EDDY,E,13515.0,80700.0,2263,13.4
407,37.7713289,-122.5111227,"GREAT HWY @ FULTON",G,13515.0,81000.0,1076,6.4
406,37.7535411,-122.3971381,"1000 CONNECTICUT",C,13515.0,81000.0,2001,11.9
408,37.7336846,-122.426396,"MISSION & BOSWORTH",H,13515.0,81360.0,2502,14.9
136,37.7736245,-122.4223425,ROSE/GOUGH,D,13515.0,8640.0,1482,8.8
409,37.7726574,-122.4096304,"ARMY & HARRISON",C,13515.0,81780.0,2001,11.9
411,37.77523370000001,-122.4209797,OAK/FRANKLIN,E,13515.0,82200.0,2263,13.4
410,37.7379278,-122.3895447,"3RD STREET/KIRKWOOD AVE",C,13515.0,82200.0,2001,11.9
412,37.7698749,-122.4223904,DUBOCE/VALENCIA,D,13515.0,82440.0,1482,8.8
413,37.743099,-122.405589,"BAYSHORE & MARINANDTO ON",C,13515.0,82500.0,2001,11.9
414,37.7392394,-122.3918467,KIRKWOOD/PHELPS,C,13515.0,82500.0,2001,11.9
415,37.7360862,-122.4244732,"MISSION & RICHLAND",H,13515.0,82500.0,2502,14.9
137,37.7915269,-122.4208971,POLK/SACRAMENTO,E,13515.0,8820.0,2263,13.4
417,37.7629549,-122.4597966,"PARNASUS/3RD AVE",F,13515.0,82800.0,1340,8.0
416,37.75275269999999,-122.4100934,FLORIDA/24TH,D,13515.0,82800.0,1482,8.8
421,37.7787581,-122.423364,GOUGH/FULTON,E,13515.0,83400.0,2263,13.4
420,37.707579,-122.4016839,"BAYSHORE & VERMONTDTO ON",C,13515.0,83400.0,2001,11.9
419,37.7626531,-122.4608606,4TH/PARNASSUS,F,13515.0,83400.0,1340,8.0
418,37.7636398,-122.4162808,"17TH ST. & SHOTWELL ST.",D,13515.0,83400.0,1482,8.8
423,37.78022199999999,-122.420689,"501 SOUTH VAN NESS AVENUE",D,13515.0,83700.0,1482,8.8
424,37.7989672,-122.4358938,"FILLMORE STREET AT GREENWICH STREET",E,13515.0,83700.0,2263,13.4
422,37.734723,-122.4752275,"19TH AVE @ SLOAT",I,13515.0,83700.0,1378,8.2
425,37.7609603,-122.435291,"18TH ST/CASTRO ST",D,13515.0,84000.0,1482,8.8
426,37.749416700000005,-122.4029083,"CESAR CHAVEZ & VERMONT",C,13515.0,84000.0,2001,11.9
427,37.7728017,-122.40575590000002,"975 BRYANT STREET",B,13515.0,84360.0,2670,15.9
428,37.7259964,-122.3868337,"INGALLS AVE/VAN DYKE",C,13515.0,84900.0,2001,11.9
429,37.79497670000001,-122.3931124,"MARIPOSA & DEHARORMON ON",C,13515.0,84900.0,2001,11.9
430,37.7611035,-122.41957109999998,"2242 MISSION ST.",D,13515.0,85500.0,1482,8.8
431,37.7355723,-122.3871594,"LA SALLE AVE & CASHMEE",C,13515.0,85800.0,2001,11.9
432,37.7801253,-122.4826038,"23RD AVE & GEARY",G,13515.0,85980.0,1076,6.4
125,37.7174325,-122.4429804,"ALEMANY BLVD & RESTANI ST",H,13515.0,1800.0,2502,14.9
138,37.76905530000001,-122.4200717,"1751 MISSION",D,13515.0,11820.0,1482,8.8
139,37.7711364,-122.4008384,"7TH STREET AT KING STREET",B,13515.0,13920.0,2670,15.9
140,37.7829042,-122.4655036,7TH/CLEMENT,G,13515.0,15480.0,1076,6.4
141,37.7377936,-122.3959698,OAKDALE@QUINT,C,13515.0,16200.0,2001,11.9
142,37.7829102,-122.4207636,"EDDY/VAN NESS",E,13515.0,19860.0,2263,13.4
143,37.78304910000001,-122.4096354,"964 MARKET ST.",B,13515.0,20100.0,2670,15.9
144,37.773308,-122.4680472,"FULTON @ 10TH",G,13515.0,20700.0,1076,6.4
145,37.7641157,-122.4130183,"17TH ST AND HARRISONST",D,13515.0,25200.0,1482,8.8
146,37.788017100000005,-122.399817,"2ND & MISSION",B,13515.0,25200.0,2670,15.9
147,37.724695,-122.4529324,"50 PHELAN",I,13515.0,25260.0,1378,8.2
148,37.72161759999999,-122.438622,"ONONODAGA & ALEMANY",H,13515.0,26100.0,2502,14.9
149,37.786119,-122.4181182,"LARKIN & GEARY",E,13515.0,26640.0,2263,13.4
150,37.7727314,-122.4407534,"200 BLK. BAKER ST",F,13515.0,27000.0,1340,8.0
151,37.7868385,-122.419944,"POLK & POST",E,13515.0,27300.0,2263,13.4
152,37.7782213,-122.4350777,"MCALLISTER & SCOTTNTO ON",F,13515.0,27600.0,1340,8.0
153,37.725821100000005,-122.4598496,FAXON/ELMWOOD,H,13515.0,27780.0,2502,14.9
154,37.7915624,-122.4074199,"STOCKTON TUNNEL",A,13515.0,27900.0,1063,6.3
155,37.7915624,-122.4074199,"STOCKTON TUNNEL",A,13515.0,28200.0,1063,6.3
156,37.77252989999999,-122.4423881,LYON/OAK,F,13515.0,28440.0,1340,8.0
157,37.7110453,-122.4462053,"LOWELL & MORSE",H,13515.0,28500.0,2502,14.9
158,37.7889065,-122.4036866,"KEARNY ST & POST ST",B,13515.0,28620.0,2670,15.9
159,37.7737729,-122.408536,"8TH & HARRISON",B,13515.0,28800.0,2670,15.9
160,37.7915624,-122.4074199,"STOCKTON TUNNEL",A,13515.0,28800.0,1063,6.3
161,37.7544074,-122.4776987,"1300 NORIEGA",I,13515.0,28860.0,1378,8.2
162,37.7915624,-122.4074199,"STOCKTON TUNNEL",A,13515.0,29100.0,1063,6.3
163,37.7811277,-122.4272424,"TURK & LAGUNA",E,13515.0,29340.0,2263,13.4
164,37.754328,-122.4821707,"1700 NORIEGA",I,13515.0,29400.0,1378,8.2
165,37.7750068,-122.4131808,"9TH & HOWARD",B,13515.0,29400.0,2670,15.9
166,37.7294019,-122.4260616,CONGDON/MAYNARD,H,13515.0,29460.0,2502,14.9
167,37.7694443,-122.4062321,"DIVISION & 9TH STHAVE",B,13515.0,29520.0,2670,15.9
169,37.7915624,-122.4074199,"STOCKTON TUNNEL",A,13515.0,29700.0,1063,6.3
168,37.77252989999999,-122.4423881,OAK/LYON,F,13515.0,29700.0,1340,8.0
170,37.7538602,-122.4896654,"2400 NORIEGA",I,13515.0,30000.0,1378,8.2
171,37.7694443,-122.4062321,"DIVISION & 9TH STHAVE",B,13515.0,30060.0,2670,15.9
172,37.8111694,-122.4102366,"MARINA & BAKERERORMON ON",E,13515.0,30180.0,2263,13.4
174,37.7340428,-122.4328599,"WILDER ST/CARRIE ST",H,13515.0,30300.0,2502,14.9
173,37.7294019,-122.4260616,CONGDON/MAYNARD,H,13515.0,30300.0,2502,14.9
175,37.7694443,-122.4062321,"DIVISION & 9TH STHAVE",B,13515.0,30360.0,2670,15.9
179,37.7915624,-122.4074199,"STOCKTON TUNNEL",A,13515.0,30600.0,1063,6.3
177,37.7750068,-122.4131808,"9TH & HOWARD",B,13515.0,30600.0,2670,15.9
178,37.8111694,-122.4102366,"MARINA & BAKERERORMON ON",E,13515.0,30600.0,2263,13.4
176,37.7848729,-122.412823,"400 ELLIS ST",J,13515.0,30600.0,1045,6.2
180,37.7694443,-122.4062321,"DIVISION & 9TH STHAVE",B,13515.0,30840.0,2670,15.9
183,37.7915624,-122.4074199,"STOCKTON TUNNEL",A,13515.0,30900.0,1063,6.3
182,37.8111694,-122.4102366,"MARINA & BAKERERORMON ON",E,13515.0,30900.0,2263,13.4
181,37.753736,-122.4882929,"2300 NORIEGA",I,13515.0,30900.0,1378,8.2
185,37.7294019,-122.4260616,CONGDON/MAYNARD,H,13515.0,31020.0,2502,14.9
184,37.7830985,-122.4612218,"3RD & CLEMENT",B,13515.0,31020.0,2670,15.9
186,37.7915624,-122.4074199,"STOCKTON TUNNEL",A,13515.0,31200.0,1063,6.3
187,37.7694443,-122.4062321,"DIVISION & 9TH STHAVE",B,13515.0,31260.0,2670,15.9
188,37.7694443,-122.4062321,"DIVISION & 9TH STHAVE",B,13515.0,31260.0,2670,15.9
189,37.8111694,-122.4102366,"MARINA & BAKERERORMON ON",E,13515.0,31320.0,2263,13.4
190,37.7912078,-122.4129675,"S/B MASONIC TO E/BOAK",F,13515.0,31380.0,1340,8.0
193,37.7915624,-122.4074199,"STOCKTON TUNNEL",A,13515.0,31500.0,1063,6.3
191,37.80311349999999,-122.4374597,"CERVANTES STREET AT ALHAMBRA STREET",E,13515.0,31500.0,2263,13.4
192,37.80311349999999,-122.4374597,"CERVANTES STREETHAMBRA STREET",E,13515.0,31500.0,2263,13.4
194,37.745548,-122.42206000000002,"SAN JOSE/28TH ST",H,13515.0,31560.0,2502,14.9
195,37.7294019,-122.4260616,CONGDON/MAYNARD,H,13515.0,31860.0,2502,14.9
196,37.788809500000006,-122.4119083,SUTTER/TAYLOR,A,13515.0,32100.0,1063,6.3
197,37.78446029999999,-122.4085608,"EDDY & CYRIL MAGNINTO ON",A,13515.0,32280.0,1063,6.3
198,37.7586404,-122.4190771,"MISSION & 20TH ST",D,13515.0,32280.0,1482,8.8
199,37.7694443,-122.4062321,"DIVISION & 9TH STHAVE",B,13515.0,32340.0,2670,15.9
200,37.7694443,-122.4062321,"DIVISION & 9TH STHAVE",B,13515.0,32340.0,2670,15.9
203,37.781582,-122.4023253,"DIVISION & FOLSOM",B,13515.0,32400.0,2670,15.9
202,37.7358886,-122.439737,"CHENERY ST/ELK ST",H,13515.0,32400.0,2502,14.9
201,37.7432299,-122.430355,"471 29TH ST",H,13515.0,32400.0,2502,14.9
204,37.7294019,-122.4260616,CONGDON/MAYNARD,H,13515.0,32580.0,2502,14.9
205,37.7723255,-122.4288249,"HAIGHT & WEBSTER",E,13515.0,32640.0,2263,13.4
206,37.80311349999999,-122.4374597,"CERVANTES STREET AT ALHAMBRA STREET",E,13515.0,32700.0,2263,13.4
207,37.7358886,-122.439737,"ELK ST/CHENERY ST",H,13515.0,33000.0,2502,14.9
209,37.794954700000005,-122.40808490000002,WASHINGTON/STOCKTON,A,13515.0,33180.0,1063,6.3
208,37.7694443,-122.4062321,"DIVISION & 9TH STHAVE",B,13515.0,33180.0,2670,15.9
210,37.7804778,-122.4125538,"7TH & MARKET",A,13515.0,33300.0,1063,6.3
211,37.7294019,-122.4260616,CONGDON/MAYNARD,H,13515.0,33420.0,2502,14.9
213,37.7750068,-122.4131808,"9TH & HOWARD",B,13515.0,33600.0,2670,15.9
212,37.7667883,-122.4079855,"200 POTRERO",C,13515.0,33600.0,2001,11.9
214,37.80311349999999,-122.4374597,"CERVANTES STREET AT ALHAMBRA STREET",E,13515.0,33600.0,2263,13.4
215,37.7834254,-122.4243179,ELLIS/GOUGH,E,13515.0,33600.0,2263,13.4
216,37.7348671,-122.4400705,"ELK ST/BOSWORTH ST",H,13515.0,33900.0,2502,14.9
217,37.7657891,-122.40756670000002,"300 POTRERO",C,13515.0,34200.0,2001,11.9
218,37.80311349999999,-122.4374597,"CERVANTES STREET AT ALHAMBRA STREET",E,13515.0,34200.0,2263,13.4
219,37.7360581,-122.4397389,"PARADISE ST/ELK ST",H,13515.0,34740.0,2502,14.9
220,37.7240279,-122.4353296,"SAN JUAN/MISSION",H,13515.0,34980.0,2502,14.9
221,37.80311349999999,-122.4374597,"CERVANTES STREET AT ALHAMBRA STREET",E,13515.0,35100.0,2263,13.4
222,37.7358886,-122.439737,"ELK ST/CHENERY ST",H,13515.0,35160.0,2502,14.9
223,37.7775913,-122.4384509,DIVISADERO/MCALLISTER,F,13515.0,35400.0,1340,8.0
224,37.791436100000006,-122.4208795,"POLK & GROVE",E,13515.0,35520.0,2263,13.4
225,37.7287485,-122.43131979999998,"SILVER  /MISSION",H,13515.0,35700.0,2502,14.9
433,37.7880812,-122.44042720000002,"DIVISADERO ST/CALIFORNIA ST",G,13516.0,600.0,1076,6.4
442,37.771494700000005,-122.50777920000002,"47TH @ FULTON",G,13516.0,3600.0,1076,6.4
523,37.7641047,-122.4712113,"1200 BLK MARKET STASN ON",B,13516.0,36000.0,2670,15.9
525,37.779594,-122.4168277,"LARKIN & FULTON",E,13516.0,36000.0,2263,13.4
524,37.77676659999999,-122.4078552,7TH/FOLSOM,E,13516.0,36000.0,2263,13.4
526,37.7840059,-122.4345444,"GEARY BLVD & STEINERSTREET",E,13516.0,36300.0,2263,13.4
527,37.77938580000001,-122.4184416,"CARLTON B. GOODLETTER",E,13516.0,36420.0,2263,13.4
528,37.7155866,-122.44172749999998,NIAGARA/MISSION,H,13516.0,36540.0,2502,14.9
529,37.7641047,-122.4712113,"1200 BLK MARKET STASN ON",B,13516.0,36600.0,2670,15.9
530,37.77938580000001,-122.4184416,"CARLTON B. GOODLETTER",E,13516.0,36780.0,2263,13.4
531,37.7787183,-122.4147847,"8TH AND MARKET",B,13516.0,36840.0,2670,15.9
532,37.7641047,-122.4712113,"1200 BLK MARKET STASN ON",B,13516.0,37140.0,2670,15.9
533,37.7840059,-122.4345444,"GEARY BLVD & STEINERSTREET",E,13516.0,37200.0,2263,13.4
534,37.77938580000001,-122.4184416,"CARLTON B. GOODLETTER",E,13516.0,37380.0,2263,13.4
535,37.7641047,-122.4712113,"1200 BLK MARKET STASN ON",B,13516.0,37620.0,2670,15.9
536,37.782070700000006,-122.4274068,"LAGUNA & EDDY",E,13516.0,37680.0,2263,13.4
538,37.779741,-122.4071746,"6TH & HOWARD",B,13516.0,37800.0,2670,15.9
539,37.77938580000001,-122.4184416,"CARLTON B. GOODLETTER",E,13516.0,37800.0,2263,13.4
537,37.786269700000005,-122.40207759999998,"3RD & MISSION",B,13516.0,37800.0,2670,15.9
540,37.7641047,-122.4712113,"1200 BLK MARKET STASN ON",B,13516.0,38160.0,2670,15.9
542,37.7840059,-122.4345444,"GEARY BLVD & STEINERSTREET",E,13516.0,38400.0,2263,13.4
543,37.776808,-122.4180605,"POLK & CITY HALL",E,13516.0,38400.0,2263,13.4
541,37.786269700000005,-122.40207759999998,"3RD & MISSION",B,13516.0,38400.0,2670,15.9
544,37.77938580000001,-122.4184416,"CARLTON B. GOODLETTER",E,13516.0,38760.0,2263,13.4
545,37.7523266,-122.3965365,"25TH & CONNECTICUT",C,13516.0,38820.0,2001,11.9
546,37.78939,-122.4010619,"1100 FELL STNTT STASN ON",F,13516.0,39000.0,1340,8.0
547,37.779741,-122.4071746,"6TH & HOWARD",B,13516.0,39000.0,2670,15.9
548,37.77938580000001,-122.4184416,"CARLTON B. GOODLETTER",E,13516.0,39060.0,2263,13.4
550,37.7775012,-122.41632,"9TH & MARKET",B,13516.0,39300.0,2670,15.9
549,37.78939,-122.4010619,"1100 FELL STNTT STASN ON",F,13516.0,39300.0,1340,8.0
551,37.791632,-122.41912990000002,"LARKIN & MARKET",E,13516.0,39300.0,2263,13.4
552,37.7523266,-122.3965365,"25TH & CONNECTICUT",C,13516.0,39540.0,2001,11.9
553,37.779741,-122.4071746,"6TH & HOWARD",B,13516.0,39600.0,2670,15.9
554,37.7752378,-122.4184444,"11TH & MARKETET STASN ON",B,13516.0,39840.0,2670,15.9
555,37.785251,-122.4399367,"DIVISIDERO & SUTTER",E,13516.0,39960.0,2263,13.4
556,37.714688200000005,-122.447335,"2600 ALEMANY",H,13516.0,40200.0,2502,14.9
558,37.7388908,-122.4146922,CORTLAND/ELLSWORTH,H,13516.0,40200.0,2502,14.9
557,37.786269700000005,-122.40207759999998,"3RD & MISSION",B,13516.0,40200.0,2670,15.9
559,37.7426716,-122.484281,"27TH AV @ TARAVAL",I,13516.0,40260.0,1378,8.2
560,37.7641047,-122.4712113,"1200 BLK MARKET STASN ON",B,13516.0,40320.0,2670,15.9
561,37.714688200000005,-122.447335,"2600 ALEMANY",H,13516.0,40500.0,2502,14.9
562,37.7896794,-122.4078572,"FELL & SCOTTH STTENON ON",F,13516.0,40500.0,1340,8.0
563,37.714688200000005,-122.447335,"2600 ALEMANY",H,13516.0,40800.0,2502,14.9
564,37.786269700000005,-122.40207759999998,"3RD & MISSION",B,13516.0,40800.0,2670,15.9
565,37.7770305,-122.4126307,"8TH ST / MINNA",B,13516.0,41100.0,2670,15.9
566,37.7720773,-122.4119113,"HOWARD & 10TH STTENON ON",B,13516.0,41280.0,2670,15.9
567,37.714688200000005,-122.447335,"2600 ALEMANY",H,13516.0,41400.0,2502,14.9
570,37.777103,-122.4105158,"HOWARD ST & RAUSCH ST",B,13516.0,41640.0,2670,15.9
569,37.7522493,-122.4184588,"24TH & 3RD STTICUTOLA",C,13516.0,41640.0,2001,11.9
571,37.714688200000005,-122.447335,"2600 ALEMANY",H,13516.0,41700.0,2502,14.9
572,37.734858,-122.4934307,"36TH AND YORBA",I,13516.0,41940.0,1378,8.2
573,37.8184418,-122.26329479999998,"MCKINNON & MENDELLSON ON",C,13516.0,42000.0,2001,11.9
575,37.743102500000006,-122.4746378,"18TH AV @ TARAVAL",I,13516.0,42180.0,1378,8.2
574,37.7643177,-122.4103838,"17TH & BRYANT",D,13516.0,42180.0,1482,8.8
576,37.734858,-122.4934307,"36TH AND YORBA",I,13516.0,42480.0,1378,8.2
577,37.786269700000005,-122.40207759999998,"3RD & MISSION",B,13516.0,42900.0,2670,15.9
578,37.7385782,-122.423994,"MISSION & EXCELSIOR",H,13516.0,43080.0,2502,14.9
443,37.7627865,-122.50588,"1274 46TH AVE",I,13516.0,4800.0,1378,8.2
579,37.7809745,-122.4087337,"6TH & MISSION",B,13516.0,43200.0,2670,15.9
580,37.7397793,-122.4236755,MISSION/RANDALL,H,13516.0,43800.0,2502,14.9
581,37.7430517,-122.4757338,"19TH AV @ TARAVAL",I,13516.0,44280.0,1378,8.2
582,37.7430517,-122.4757338,"19TH AV @ TARAVAL",I,13516.0,44280.0,1378,8.2
583,37.7967103,-122.4084529,"STOCKTON & PACIFIC",A,13516.0,44640.0,1063,6.3
584,37.7950319,-122.3950407,"JUSTIN & ALEMANYA",H,13516.0,45000.0,2502,14.9
585,37.7805805,-122.4781992,"STERLING & HWY 80",B,13516.0,45000.0,2670,15.9
587,37.7257734,-122.4340038,"MISSION @ SANTA ROSA",H,13516.0,45300.0,2502,14.9
586,37.743102500000006,-122.4746378,"18TH AV @ TARAVAL",I,13516.0,45300.0,1378,8.2
589,37.7231662,-122.4425177,ONONDAGA/OCEAN,H,13516.0,45540.0,2502,14.9
588,37.775785,-122.4241999,"OCTAVIA & FELL",E,13516.0,45540.0,2263,13.4
590,37.7389361,-122.46839579999998,"200 WEST PORTAL",I,13516.0,45900.0,1378,8.2
591,37.8045973,-122.4115531,"MIDDLE & EVANSICUTOLA",C,13516.0,46140.0,2001,11.9
592,37.733148,-122.465501,"MONTEREY AND SAN ANSELMO",I,13516.0,46440.0,1378,8.2
593,37.729467,-122.388486,"1471 SHAFTER AVE",C,13516.0,46500.0,2001,11.9
594,37.8132544,-122.3711422,"TREASURE IS. & MCALLA RD",B,13516.0,46560.0,2670,15.9
595,37.7355753,-122.3903853,"3RD & NEWCOMB",C,13516.0,46800.0,2001,11.9
596,37.7841403,-122.420773,"VAN NESS & MARKET",B,13516.0,46800.0,2670,15.9
597,37.7226566,-122.427359,"327 ATHENS",H,13516.0,46980.0,2502,14.9
598,37.7259964,-122.3868337,"VANDYKE & INGALLS",C,13516.0,47100.0,2001,11.9
599,37.8132544,-122.3711422,"TREASURE IS. & MCALLA RD",B,13516.0,47460.0,2670,15.9
600,37.7519757,-122.486015,ORTEGA/28TH,I,13516.0,47520.0,1378,8.2
603,37.77015479999999,-122.4510289,"PAGE AND COLE ST",F,13516.0,48000.0,1340,8.0
601,37.7822716,-122.479545,"CLEMENT/20TH AVE",G,13516.0,48000.0,1076,6.4
602,37.774949,-122.4192915,"HWY 101 S/B BRISBANEEXIT",C,13516.0,48000.0,2001,11.9
604,37.7720773,-122.4119113,"10TH & MISSIONDELLSON ON",B,13516.0,48300.0,2670,15.9
606,37.7543505,-122.4054737,"23RD & UTAH",D,13516.0,48900.0,1482,8.8
605,37.77633,-122.440468,"1441 FULTON ST",F,13516.0,48900.0,1340,8.0
608,37.7395651,-122.4700062,"VICENTE AND 14TH",I,13516.0,48900.0,1378,8.2
607,37.796504,-122.4100932,"POWELL & CALIFORNIASN ON",A,13516.0,48900.0,1063,6.3
609,37.7533608,-122.4006284,"24TH & POTRERO",D,13516.0,48960.0,1482,8.8
610,37.8132544,-122.3711422,"TREASURE IS. & MCALLA RD",B,13516.0,48960.0,2670,15.9
611,37.765783000000006,-122.418409,"CHRUCH & DUBOCELVEOLA",E,13516.0,49020.0,2263,13.4
613,37.7565715,-122.4134005,21ST/TREAT,D,13516.0,49200.0,1482,8.8
612,37.77191,-122.413734,"11TH & FOLSOMRKETEOLA",B,13516.0,49200.0,2670,15.9
614,37.7760211,-122.4447795,"FULTON AND CENTRAL ST",F,13516.0,49500.0,1340,8.0
615,37.7850854,-122.407624,"CALIFORNIA & JONESASN ON",A,13516.0,49620.0,1063,6.3
444,37.7648614,-122.42286599999998,"3142 16TH STREET",D,13516.0,5700.0,1482,8.8
616,37.79950770000001,-122.4241083,"VAN NESS/FILBERT",E,13516.0,49800.0,2263,13.4
617,37.7292307,-122.4308447,"MISSION & MAYNARD",H,13516.0,50100.0,2502,14.9
620,37.7337659,-122.3905246,PALOU/LANE,C,13516.0,50400.0,2001,11.9
619,37.7845297,-122.4134994,"441 ELLIS STREET",J,13516.0,50400.0,1045,6.2
618,37.7756509,-122.4416369,"1500 GROVE ST",F,13516.0,50400.0,1340,8.0
621,37.765783000000006,-122.418409,"CHRUCH & DUBOCELVEOLA",E,13516.0,50700.0,2263,13.4
622,37.778524100000006,-122.4056342,"FOLSOM & 6TH ST.",B,13516.0,50760.0,2670,15.9
623,37.7143002,-122.4627305,ORIZABA/RANDOLPH,I,13516.0,50820.0,1378,8.2
624,37.7561742,-122.4067237,"22ND & POTRERO",D,13516.0,51180.0,1482,8.8
625,37.7140877,-122.4560934,FARALLONES/PLYMOUTH,I,13516.0,51600.0,1378,8.2
626,37.7772904,-122.4197826,"HAYES STREET & VAN NESS AVENUE",E,13516.0,51900.0,2263,13.4
627,37.765783000000006,-122.418409,"CHRUCH & DUBOCELVEOLA",E,13516.0,52140.0,2263,13.4
628,37.783926,-122.433072,FILLMORE/CALIF,E,13516.0,52200.0,2263,13.4
629,37.762075,-122.470329,"JUDAH AND FUNSTON",I,13516.0,52320.0,1378,8.2
630,37.765783000000006,-122.418409,"CHRUCH & DUBOCELVEOLA",E,13516.0,52440.0,2263,13.4
632,37.78071729999999,-122.4305361,"WEBSTER STREET & TURK STREET",E,13516.0,52800.0,2263,13.4
631,37.7342833,-122.4489074,"TERESITA AND FOERESTER",H,13516.0,52800.0,2502,14.9
633,37.7794511,-122.440414,BRODERICK/TURK,F,13516.0,53100.0,1340,8.0
634,37.763571,-122.4771419,"19TH AND IRVING",I,13516.0,53220.0,1378,8.2
635,37.736939,-122.3910989,"NEWHALL AND MCKINNON",C,13516.0,53400.0,2001,11.9
636,37.7809451,-122.4119616,"JONES / MARKET STS",J,13516.0,53820.0,1045,6.2
445,37.7697166,-122.4050117,"1O1 NORTH & VERMONT",C,13516.0,6360.0,2001,11.9
435,37.78000170000001,-122.4879727,"GEARY @ 28TH AV",G,13516.0,900.0,1076,6.4
434,37.7525561,-122.3926804,25TH/PENNSYLVANIA,C,13516.0,900.0,2001,11.9
637,37.781930200000005,-122.4870301,"27TH AVE / CLEMENT ST",G,13516.0,54120.0,1076,6.4
638,37.765547,-122.4710049,"LINCOLN AND FUNSTON",I,13516.0,54720.0,1378,8.2
639,37.7985838,-122.4088277,VALLEJO/STOCKTON,A,13516.0,55080.0,1063,6.3
640,37.771531,-122.4540126,"JOHN F KENNEDY/FELL",F,13516.0,55500.0,1340,8.0
642,37.7826882,-122.4224926,FRANKLIN/EDDY,E,13516.0,56400.0,2263,13.4
641,37.722734,-122.4316503,"419 MADRID",H,13516.0,56400.0,2502,14.9
643,37.7838854,-122.4579547,EUCLID/PALM,G,13516.0,56700.0,1076,6.4
645,37.7659948,-122.457823,"FREDERICK AND ARGUELLO",F,13516.0,57300.0,1340,8.0
646,37.7805004,-122.4321601,TURK/FILLMORE,E,13516.0,57540.0,2263,13.4
647,37.7854319,-122.4247159,GOUGH/GEARY,E,13516.0,57600.0,2263,13.4
648,37.727470200000006,-122.4037867,"2700 SAN BRUNO",C,13516.0,58200.0,2001,11.9
650,37.7630605,-122.388674,"3RD STREET & 18THSTREET",C,13516.0,58380.0,2001,11.9
649,37.7275402,-122.40161840000002,"1875 EGBERT ST",C,13516.0,58380.0,2001,11.9
651,37.761686,-122.4780902,"JUDAH AND 20TH",I,13516.0,58500.0,1378,8.2
652,37.7957362,-122.4234984,"BROADWAY & VAN NESS",E,13516.0,58620.0,2263,13.4
653,37.7832684,-122.4027358,"4TH & HOWARD",B,13516.0,58800.0,2670,15.9
654,37.7528185,-122.3878887,"2900 BLK 3RD STREET",C,13516.0,59100.0,2001,11.9
655,37.7616989,-122.4759419,"JUDAH AND 18TH",I,13516.0,59220.0,1378,8.2
656,37.7881967,-122.4225302,"JACKSON & VAN NESSSON ON",E,13516.0,59280.0,2263,13.4
657,37.7123578,-122.4182867,"SUNNYDALE & SANTOS",H,13516.0,59400.0,2502,14.9
658,37.7292939,-122.392758,"3RD & WILLIAMS",C,13516.0,59700.0,2001,11.9
659,37.784516,-122.4042942,"4TH & MISSION",B,13516.0,60000.0,2670,15.9
660,37.7957362,-122.4234984,"BROADWAY & VAN NESS",E,13516.0,60000.0,2263,13.4
661,37.7164949,-122.4408199,"901 GENEVA AVE.",H,13516.0,60300.0,2502,14.9
662,37.7616989,-122.4759419,"JUDAH AND 18TH",I,13516.0,60300.0,1378,8.2
663,37.761686,-122.4780902,"JUDAH AND 20TH",I,13516.0,60780.0,1378,8.2
664,37.7483155,-122.4137009,"CESAR CHAVEZ & FOLSOMST",H,13516.0,60900.0,2502,14.9
665,37.7775046,-122.4332489,"FULTON & STEINER",F,13516.0,60960.0,1340,8.0
666,37.7907632,-122.4040735,KEARNY/BUSH,A,13516.0,61200.0,1063,6.3
667,37.7287436,-122.3900116,"KEITH & EVANSSTAVANSC",C,13516.0,61200.0,2001,11.9
669,37.7921793,-122.4227822,"VAN NESS/CLAY",E,13516.0,61200.0,2263,13.4
668,37.789403,-122.4222331,"PINE & VAN NESS",E,13516.0,61200.0,2263,13.4
670,37.722381,-122.4027689,"800 GIRARD ST",C,13516.0,61500.0,2001,11.9
671,37.7957362,-122.4234984,"BROADWAY & VAN NESS",E,13516.0,61500.0,2263,13.4
672,37.7832764,-122.40519740000002,"5TH & MISSION& 3RD ST",B,13516.0,61800.0,2670,15.9
673,37.78164,-122.3944925,"PARK ST & LEESE ST",H,13516.0,62040.0,2502,14.9
674,37.7928478,-122.4245387,"FRANKLIN & WASHINGTON ON",E,13516.0,62100.0,2263,13.4
675,37.7957362,-122.4234984,"BROADWAY & VAN NESS",E,13516.0,62220.0,2263,13.4
676,37.73561289999999,-122.4167841,"ANDOVER ST & RICHLANDST",H,13516.0,62280.0,2502,14.9
678,37.7702517,-122.4300988,"HERMANN & FILLMORE",F,13516.0,62400.0,1340,8.0
677,37.7957362,-122.4234984,"BROADWAY & VAN NESS",E,13516.0,62400.0,2263,13.4
679,37.71127429999999,-122.45261770000002,"2971 ALEMANY",H,13516.0,62460.0,2502,14.9
680,37.80118,-122.419603,"STERLING ST ON RAMP",B,13516.0,62520.0,2670,15.9
681,37.7427239,-122.4832199,"26TH AVE/TARAVAL",I,13516.0,62700.0,1378,8.2
682,37.7119481,-122.4056559,"LELAND & ALPHA",H,13516.0,62700.0,2502,14.9
683,37.7339955,-122.390927,"3RD STREET & PALOUAVENUE",C,13516.0,63000.0,2001,11.9
686,37.7849534,-122.4347538,"STEINER & NOE",F,13516.0,63000.0,1340,8.0
685,37.7723128,-122.44406770000002,"OAK AND CENTRAL AVE",F,13516.0,63000.0,1340,8.0
687,37.7921793,-122.4227822,"VAN NESS & CLAY",E,13516.0,63000.0,2263,13.4
684,37.7803688,-122.4406098,BRODERICK/EDDY,F,13516.0,63000.0,1340,8.0
688,37.80118,-122.419603,"STERLING ST ON RAMP",B,13516.0,63120.0,2670,15.9
689,37.80118,-122.419603,"STERLING ST ON RAMP",B,13516.0,63300.0,2670,15.9
690|691,37.80118,-122.419603,"STERLING ST ON RAMP",B,13516.0,63300.0,2670,15.9
692,37.7817472,-122.437477,SCOTT/ELLIS,F,13516.0,63600.0,1340,8.0
693,37.7170128,-122.4435097,"ALEMANY BLVD/NIAGRA",H,13516.0,63660.0,2502,14.9
694,37.80118,-122.419603,"STERLING ST ON RAMP",B,13516.0,63840.0,2670,15.9
695,37.7926453,-122.435003,"CHURCH & FILLMORE",F,13516.0,63900.0,1340,8.0
696,37.7900561,-122.4172277,"HYDE & PINE",A,13516.0,63900.0,1063,6.3
697,37.7292939,-122.392758,"3RD & WILLIAMS",C,13516.0,64500.0,2001,11.9
700,37.7837916,-122.4176485,LARKIN@WILLOW,J,13516.0,64800.0,1045,6.2
698,37.7742468,-122.4788309,"720 20TH",C,13516.0,64800.0,2001,11.9
699,37.7762211,-122.4147406,"9TH & MISSION",B,13516.0,64800.0,2670,15.9
701,37.7871568,-122.4339525,"2222 BUSH ST",E,13516.0,65160.0,2263,13.4
704,37.7873347,-122.3945241,"FIRST ST & FOLSOM ST",B,13516.0,65700.0,2670,15.9
702,37.7331708,-122.39122140000002,"3RD & QUESADA",C,13516.0,65700.0,2001,11.9
705,37.7873347,-122.3945241,"FIRST ST & FOLSOM ST",B,13516.0,65700.0,2670,15.9
703,37.7850913,-122.4111659,ELLIS@TAYLOR,J,13516.0,65700.0,1045,6.2
706,37.784875,-122.4128063,"JONES ST. & ELLIS ST.",J,13516.0,66120.0,1045,6.2
708,37.7229128,-122.4447991,"OCEAN ST & SAN JOSE AVE",H,13516.0,66300.0,2502,14.9
707,37.7601075,-122.4214485,"19TH ST/VALENCIA",D,13516.0,66300.0,1482,8.8
709,37.7823865,-122.417359,"TURK & LARKIN",J,13516.0,66720.0,1045,6.2
710,37.7957362,-122.4234984,"BROADWAY & VAN NESS",E,13516.0,67200.0,2263,13.4
711,37.7833809,-122.4395611,DIVISADERO/GEARY,F,13516.0,67800.0,1340,8.0
712,37.7821545,-122.4200198,"VAN NESS/TURK",E,13516.0,68400.0,2263,13.4
713,37.7285253,-122.42637820000002,"500 BLK OF SILVER AVE",H,13516.0,68580.0,2502,14.9
714,37.7503065,-122.3877274,"3RD & LANE",C,13516.0,68700.0,2001,11.9
715,37.7238023,-122.4364502,"OCEAN AVE/PERSIA AVE",H,13516.0,69060.0,2502,14.9
716,37.7703993,-122.4326585,WALLER/POTOMAC,F,13516.0,69300.0,1340,8.0
717,37.7749152,-122.431043,"FILLMORE AT FELL ST",F,13516.0,70320.0,1340,8.0
718,37.7655641,-122.4114895,"MISSION & 16 TH ST",D,13516.0,70500.0,1482,8.8
719,37.7248676,-122.4622978,"ASHTON AVE & LEGION",I,13516.0,71700.0,1378,8.2
436,37.7423869,-122.4219821,30TH/MISSION,H,13516.0,1200.0,2502,14.9
720,37.769305,-122.4315887,"STEINER & DUBOCE",F,13516.0,72000.0,1340,8.0
721,37.7311818,-122.4715768,"JUNIPERO SERRA @ OCEAN",I,13516.0,72360.0,1378,8.2
722,37.7228435,-122.4692814,"ALVISO ST & ESTERO",I,13516.0,72600.0,1378,8.2
723,37.7691729,-122.4335857,"NOE & DUBOCE",F,13516.0,72840.0,1340,8.0
724,37.7472745,-122.4036162,JERROLD/BAYSHORE,I,13516.0,74400.0,1378,8.2
725,37.75281079999999,-122.4091342,"24TH STREET & BRYANTSTREET",D,13516.0,74520.0,1482,8.8
726,37.722064200000005,-122.4011316,"3175 SAN BRUNO AVE",C,13516.0,74640.0,2001,11.9
727,37.7217347,-122.3960732,"3RD ST & HOLLISTER ST",C,13516.0,75300.0,2001,11.9
728,37.7625445,-122.394705,"MISSISSIPPI & 10TH ST",C,13516.0,76800.0,2001,11.9
729,37.75503580000001,-122.42555790000002,"DOLORES ST AT 22ND ST",D,13516.0,77700.0,1482,8.8
730,37.7691813,-122.4535616,HAIGHT/STANYAN,F,13516.0,78300.0,1340,8.0
731,37.7875726,-122.421707,"VAN NESS & SUTTER",J,13516.0,78600.0,1045,6.2
732,37.7702198,-122.4453661,HAIGHT/MASONIC,F,13516.0,79200.0,1340,8.0
733,37.7974413,-122.4064467,"S/B COLUMBUS & KEARNY",A,13516.0,80100.0,1063,6.3
734,37.7503277,-122.3874991,"CESAR CHAVEZ & 3RD ST",C,13516.0,80100.0,2001,11.9
735,37.773222,-122.4369005,OAK/DIVISADERO,F,13516.0,80400.0,1340,8.0
736,37.7892147,-122.4389837,"SCOTT & SACRAMENTO",G,13516.0,80400.0,1076,6.4
737,37.762073,-122.4155653,18THST/SVN,D,13516.0,81300.0,1482,8.8
738,37.7178915,-122.4423977,GENEVA/ALEMANY,H,13516.0,81780.0,2502,14.9
739,37.7802009,-122.42704779999998,"GOLDEN GATE & LAGUNA",F,13516.0,82500.0,1340,8.0
740,37.7749295,-122.4194155,LONDON/AMAZON,H,13516.0,82500.0,2502,14.9
446,37.7666804,-122.41985359999998,"MISSION ST AT 15TH ST",D,13516.0,8760.0,1482,8.8
741,37.713193200000006,-122.4337018,"GENEVA & MOSCOW",H,13516.0,82800.0,2502,14.9
742,37.806661,-122.4205706,"HYDE ST & BEACH ST",A,13516.0,83100.0,1063,6.3
743,37.7132486,-122.4197602,"1800 SUNNYDALE",H,13516.0,83700.0,2502,14.9
744,37.8052015,-122.4171617,"BAY AND COLUMBUS",A,13516.0,83760.0,1063,6.3
745,37.7142783,-122.4671158,"RANDOLPH @ ARCH",I,13516.0,84960.0,1378,8.2
746,37.7255189,-122.4277144,"NAPLES ST & AVALON AV",H,13516.0,85200.0,2502,14.9
747,37.7306635,-122.4034397,BAYSHORE/THORNTON,C,13516.0,85500.0,2001,11.9
748,37.728852200000006,-122.4172287,"SILVER AVE & AMHERST",C,13516.0,85500.0,2001,11.9
437,37.7795538,-122.4954652,"GEARY & 35TH AVE",G,13516.0,1620.0,1076,6.4
438,37.77905560000001,-122.4652241,"ANZA/7TH AV",G,13516.0,1800.0,1076,6.4
447,37.7789396,-122.4145888,"MARKET ST & 8TH ST",J,13516.0,11700.0,1045,6.2
448,37.733788200000006,-122.3939332,"NEWHALL @ REVERE AVE",C,13516.0,12000.0,2001,11.9
439,37.7777924,-122.4384377,DIVISADERO/MCCALLISTER,F,13516.0,2100.0,1340,8.0
440,37.78410849999999,-122.4227693,FRANKLIN&OLIVE,E,13516.0,2100.0,2263,13.4
449,37.779944,-122.4077268,"170 6TH STREET",J,13516.0,15900.0,1045,6.2
450,37.7784875,-122.4102744,"7TH & MCALLISTER",J,13516.0,18900.0,1045,6.2
451,37.89154449999999,-122.5175614,"CREASENT & PORTER",H,13516.0,19740.0,2502,14.9
441,37.7986013,-122.4063965,ROMOLO/FRESNO,A,13516.0,3300.0,1063,6.3
452,37.774949,-122.4192915,"N/B 101 RAMP/GENEVA",H,13516.0,21000.0,2502,14.9
453,37.7877443,-122.4008706,"75 NEW MONTGOMERY",B,13516.0,24300.0,2670,15.9
455,37.781225,-122.434012,STEINER/EDDY,F,13516.0,24600.0,1340,8.0
454,37.7694659,-122.4133962,"HARRISON ST AND 13THST",D,13516.0,24600.0,1482,8.8
456,37.787536,-122.411275,"ON TAYLOR AT POST",J,13516.0,26700.0,1045,6.2
457,37.7542854,-122.4065343,"POTRERO & 23RD",D,13516.0,27120.0,1482,8.8
458,37.787203600000005,-122.4103361,"420 GEARY ST",J,13516.0,27900.0,1045,6.2
459,37.77938580000001,-122.4184416,"CARLTON B. GOODLETTER",E,13516.0,28020.0,2263,13.4
460,37.77938580000001,-122.4184416,"CARLTON B. GOODLETTER",E,13516.0,28260.0,2263,13.4
461,37.7666804,-122.41985359999998,"15TH ST/MISSION ST",D,13516.0,28380.0,1482,8.8
462,37.800645,-122.4294837,"OCTAVIA & LOMBARD",E,13516.0,28500.0,2263,13.4
463,37.7561742,-122.4067237,"POTRERO & 22ND",D,13516.0,28560.0,1482,8.8
464,37.7822109,-122.4103562,"6TH & MARKET",B,13516.0,28800.0,2670,15.9
465,37.77938580000001,-122.4184416,"CARLTON B. GOODLETTER",E,13516.0,29280.0,2263,13.4
466,37.7757565,-122.4244037,"OCTAVIA BLVD & FELL STREET",E,13516.0,29400.0,2263,13.4
468,37.80419439999999,-122.4394662,"MARINA & CERVANTESLLA",E,13516.0,29520.0,2263,13.4
467,37.77938580000001,-122.4184416,"CARLTON B. GOODLETTER",E,13516.0,29520.0,2263,13.4
469,37.7768964,-122.3983203,"BRANNAN & 280NDELLSON ON",B,13516.0,29640.0,2670,15.9
470,37.798506200000006,-122.3983158,"ARMY & VERMONT",C,13516.0,30000.0,2001,11.9
471,37.7944021,-122.3984865,"EMBARCADERO & GREENON ON",A,13516.0,30000.0,1063,6.3
473,37.77938580000001,-122.4184416,"CARLTON B. GOODLETTER",E,13516.0,30180.0,2263,13.4
474,37.8111694,-122.4102366,"MARINA & AVILACHESLLA",E,13516.0,30300.0,2263,13.4
475,37.7207973,-122.3943366,"HOLLISTER & JENNINGSN ON",C,13516.0,30360.0,2001,11.9
476,37.798506200000006,-122.3983158,"ARMY & VERMONT",C,13516.0,30600.0,2001,11.9
477,37.783926,-122.433072,"FILLMORE & BEACHESLLA",E,13516.0,30780.0,2263,13.4
478,37.77938580000001,-122.4184416,"CARLTON B. GOODLETTER",E,13516.0,30960.0,2263,13.4
479,37.7839321,-122.4967374,"LINCOLN & 20TH AVEOLA",I,13516.0,30960.0,1378,8.2
480,37.7508971,-122.4995634,"MLK WAY/ 41ST AVE",G,13516.0,31320.0,1076,6.4
482,37.77938580000001,-122.4184416,"CARLTON B. GOODLETTER",E,13516.0,31440.0,2263,13.4
481,37.7536739,-122.476764,"1827 19TH AVE",K,13516.0,31440.0,20,0.1
484,37.798506200000006,-122.3983158,"ARMY & VERMONT",C,13516.0,31500.0,2001,11.9
483,37.742817,-122.3880258,"3RD & EVANS",C,13516.0,31500.0,2001,11.9
485,37.7979225,-122.40121770000002,"BUSH & BATTERY STENON ON",A,13516.0,31560.0,1063,6.3
486,37.7986554,-122.3985205,"KANSAS & ARMYTT STASN ON",C,13516.0,31800.0,2001,11.9
487,37.723902,-122.4354022,OCEAN/MISSION,H,13516.0,32160.0,2502,14.9
489,37.794650700000005,-122.3998262,"BANCROFT & INGALLSSON ON",C,13516.0,32400.0,2001,11.9
488,37.772423,-122.4356022,"32ND & SCOTT",I,13516.0,32400.0,1378,8.2
490,37.7840059,-122.4345444,"GEARY BLVD & STEINERSTREET",E,13516.0,32400.0,2263,13.4
491,37.77938580000001,-122.4184416,"CARLTON B. GOODLETTER",E,13516.0,32520.0,2263,13.4
492,37.8036667,-122.4368151,"MARINA & DIVISADEROLA",E,13516.0,32580.0,2263,13.4
493,37.798506200000006,-122.3983158,"ARMY & VERMONT",C,13516.0,32700.0,2001,11.9
494,37.757748,-122.40946979999998,"21ST ST AND YORK ST",D,13516.0,32880.0,1482,8.8
496,37.7843099,-122.3951604,"HARRISON & 2ND",B,13516.0,33000.0,2670,15.9
495,37.742817,-122.3880258,"3RD & EVANS",C,13516.0,33000.0,2001,11.9
498,37.7217314,-122.4493464,LOUISBURG/GENEVA,I,13516.0,33120.0,1378,8.2
497,37.7294019,-122.4260616,CONGDON/MAYNARD,H,13516.0,33120.0,2502,14.9
499,37.77938580000001,-122.4184416,"CARLTON B. GOODLETTER",E,13516.0,33240.0,2263,13.4
500,37.798506200000006,-122.3983158,"ARMY & VERMONT",C,13516.0,33300.0,2001,11.9
501,37.7840059,-122.4345444,"GEARY BLVD & STEINERSTREET",E,13516.0,33300.0,2263,13.4
502,37.7803148,-122.4124528,"1100 BLK MARKET STASN ON",B,13516.0,33480.0,2670,15.9
503,37.77938580000001,-122.4184416,"CARLTON B. GOODLETTER",E,13516.0,33720.0,2263,13.4
505,37.798506200000006,-122.3983158,"ARMY & VERMONT",C,13516.0,33900.0,2001,11.9
504,37.7804778,-122.4125538,"7TH & MARKET",B,13516.0,33900.0,2670,15.9
506,37.7287375,-122.39001770000002,"2001 KEITH ST.",C,13516.0,33960.0,2001,11.9
507,37.7294019,-122.4260616,CONGDON/MAYNARD,H,13516.0,34020.0,2502,14.9
508,37.772423,-122.4356022,"32ND & SCOTT",I,13516.0,34200.0,1378,8.2
511,37.7840059,-122.4345444,"GEARY BLVD & STEINERSTREET",E,13516.0,34500.0,2263,13.4
510,37.749699,-122.3973141,"CESAR CHAVEZ & EVANSN ON",C,13516.0,34500.0,2001,11.9
509,37.798506200000006,-122.3983158,"ARMY & VERMONT",C,13516.0,34500.0,2001,11.9
512,37.7641047,-122.4712113,"1200 BLK MARKET STASN ON",B,13516.0,34620.0,2670,15.9
513,37.77938580000001,-122.4184416,"CARLTON B. GOODLETTER",E,13516.0,34740.0,2263,13.4
515,37.7883101,-122.408427,"400 BLK POWELL",A,13516.0,34800.0,1063,6.3
514,37.7654834,-122.4773968,"19TH & LINCOLN",I,13516.0,34800.0,1378,8.2
516,37.7641047,-122.4712113,"1200 BLK MARKET STASN ON",B,13516.0,34920.0,2670,15.9
517,37.77938580000001,-122.4184416,"CARLTON B. GOODLETTER",E,13516.0,35160.0,2263,13.4
518,37.7840059,-122.4345444,"GEARY BLVD & STEINERSTREET",E,13516.0,35400.0,2263,13.4
519,37.723696,-122.437531,OCEAN/ALEMANY,H,13516.0,35460.0,2502,14.9
520,37.7641047,-122.4712113,"1200 BLK MARKET STASN ON",B,13516.0,35580.0,2670,15.9
521,37.7895017,-122.4206305,"POLK & BAYIVISADEROLA",E,13516.0,35820.0,2263,13.4
522,37.7347832,-122.390654,"3RD & OAKDALE",C,13516.0,35940.0,2001,11.9
749,37.78745019999999,-122.4302029,HAYES/BUCHANAN,E,13517.0,60.0,2263,13.4
750,37.7321895,-122.39108229999998,LANE/REVERE,C,13517.0,60.0,2001,11.9
751,37.7330628,-122.43381940000002,"BOSWORTH ST/DIAMOND ST",H,13517.0,600.0,2502,14.9
752,37.769671200000005,-122.4496773,HAIGHT/BELVEDERE,F,13517.0,600.0,1340,8.0
818,37.714688200000005,-122.447335,"2600 ALEMANY",H,13517.0,36000.0,2502,14.9
820,37.7749295,-122.4194155,"QUNIT & OAKDALESTEOLA",C,13517.0,36600.0,2001,11.9
819,37.7830747,-122.40275520000002,"200 BLK OF 4TH STD ST",B,13517.0,36600.0,2670,15.9
821,37.7238023,-122.4364502,OCEAN/PERSIA,H,13517.0,37140.0,2502,14.9
822,37.7238023,-122.4364502,PERSIA/OCEAN,H,13517.0,37140.0,2502,14.9
823,37.7792143,-122.4109628,"7TH & MISSION",B,13517.0,37200.0,2670,15.9
824,37.7253123,-122.4623164,OCEAN/ASHTON,I,13517.0,37260.0,1378,8.2
825,37.7616915,-122.4094005,"YORK ST/BRYANT ST",D,13517.0,37800.0,1482,8.8
826,37.7412761,-122.4001369,"TOLAND & MCKINNONEOLA",C,13517.0,37920.0,2001,11.9
827,37.7355091,-122.50207,"SLOAT @ 44TH AVE",I,13517.0,37980.0,1378,8.2
828,37.7133943,-122.4632768,"146 BRIGHT ST",I,13517.0,38400.0,1378,8.2
829,37.77460429999999,-122.4259057,"OAK & LAGUNA",E,13517.0,38400.0,2263,13.4
830,37.7412761,-122.4001369,"TOLAND & JERROLDNEOLA",C,13517.0,38700.0,2001,11.9
832,37.7538735,-122.485066,NORIEGA/27TH,I,13517.0,39300.0,1378,8.2
831,37.7278481,-122.3838718,"1251 REVERE",C,13517.0,39300.0,2001,11.9
833,37.7798903,-122.4219193,"MCALLISTER & FRANKLIN",E,13517.0,39480.0,2263,13.4
762,37.783497,-122.4236492,DIVISIDERO/ELLIS,F,13517.0,4140.0,1340,8.0
834,37.763985100000006,-122.4216321,"561 VALENCIAMISSIONLA",D,13517.0,39600.0,1482,8.8
835,37.7543276,-122.4799377,"1500 NORIEGA",I,13517.0,40140.0,1378,8.2
836,37.714688200000005,-122.447335,"2600 ALEMANY",H,13517.0,40200.0,2502,14.9
837,37.7751225,-122.4193352,"S VAN NESS & MARKET",D,13517.0,40500.0,1482,8.8
840,37.7917022,-122.4226899,"VAN NESS & GROVE",E,13517.0,40800.0,2263,13.4
838,37.7452194,-122.4269854,"1600 CHURCH STWORTH",D,13517.0,40800.0,1482,8.8
839,37.7726325,-122.4339423,PAGE/PIERCE,F,13517.0,40800.0,1340,8.0
841,37.7716251,-122.4459497,"1025 MASONIC AVE",F,13517.0,41640.0,1340,8.0
843,37.7873778,-122.4082389,"POWELL & GEARY",A,13517.0,42300.0,1063,6.3
844,37.7134362,-122.4571513,"W/B 126 BROAD ST.",I,13517.0,42300.0,1378,8.2
842,37.7792143,-122.4109628,"7TH & MISSION",B,13517.0,42300.0,2670,15.9
845,37.7755213,-122.4063236,"7TH & HARRISON",B,13517.0,42600.0,2670,15.9
846,37.791264,-122.4039514,"332 KEARNY ST",A,13517.0,43200.0,1063,6.3
847,37.7779834,-122.409425,"7TH & HOWARD",B,13517.0,43200.0,2670,15.9
848,37.7665464,-122.4220686,"15TH SND VALENCIA ST",D,13517.0,43620.0,1482,8.8
763,37.74006749999999,-122.4628802,"PORTOLA/ SANTA PAULA",I,13517.0,4860.0,1378,8.2
849,37.7307171,-122.4297028,"4100 BLK OF MISSION",H,13517.0,43800.0,2502,14.9
850,37.7307171,-122.4297028,"4100 BLK OF MISSION",H,13517.0,44100.0,2502,14.9
853,37.7215808,-122.4371766,"MISSION @ RUSSIA",H,13517.0,44100.0,2502,14.9
852,37.7809451,-122.4119616,"MARKET & JONES",B,13517.0,44100.0,2670,15.9
851,37.7784875,-122.4102744,"7TH & MCALLISTER",B,13517.0,44100.0,2670,15.9
854,37.7144088,-122.4669078,"E/B RANDOLPH ST. & RAMSELL ST.",I,13517.0,44700.0,1378,8.2
764,37.7648427,-122.4231449,16TH/ALBION,D,13517.0,4980.0,1482,8.8
855,37.7307171,-122.4297028,"4100 BLK OF MISSION",H,13517.0,45000.0,2502,14.9
856,37.7647694,-122.4665826,"1259 9TH AVE",I,13517.0,45300.0,1378,8.2
857,37.7307171,-122.4297028,"4100 BLK OF MISSION",H,13517.0,45600.0,2502,14.9
858,37.7778192,-122.4003128,5TH/BRYANT,I,13517.0,45600.0,1378,8.2
859,37.7819283,-122.4521914,"GEARY & COOK",G,13517.0,45600.0,1076,6.4
765,37.7812463,-122.4610925,"GEARY & 3RD",G,13517.0,5400.0,1076,6.4
860,37.7804778,-122.4125538,MARKET/7TH,I,13517.0,46860.0,1378,8.2
861,37.776499900000005,-122.4175909,"10TH & MARKETH STD ST",B,13517.0,47880.0,2670,15.9
862,37.7533543,-122.411276,"1160 ALABAMA ST",D,13517.0,48120.0,1482,8.8
863,37.7547948,-122.4184099,"2637 MISSION ST",D,13517.0,48120.0,1482,8.8
869,37.7757565,-122.4244037,"OCTAVIA BLVD & FELL STREET",E,13517.0,48600.0,2263,13.4
868,37.7216871,-122.4654071,"HOLLOWAY & VICTORIA ST",I,13517.0,48600.0,1378,8.2
866,37.777463,-122.4131762,"8TH & MISSION",B,13517.0,48600.0,2670,15.9
864,37.7338905,-122.4309497,"1200 BLK SAN JOSE",H,13517.0,48600.0,2502,14.9
867,37.798506200000006,-122.3983158,"ARMY & VERMONT",C,13517.0,48600.0,2001,11.9
865,37.7830345,-122.4139362,"200 LEAVENWORTH",J,13517.0,48600.0,1045,6.2
870,37.791436100000006,-122.4208795,"POLK & MARKETTERNEOLA",E,13517.0,48900.0,2263,13.4
871,37.7155188,-122.4558907,"542 PLYMOUTH AVE",I,13517.0,49200.0,1378,8.2
872,37.798506200000006,-122.3983158,"ARMY & VERMONT",C,13517.0,49200.0,2001,11.9
873,37.798506200000006,-122.3983158,"ARMY & VERMONT",C,13517.0,49320.0,2001,11.9
874,37.777463,-122.4131762,"8TH & MISSION",B,13517.0,49440.0,2670,15.9
876,37.78299459999999,-122.4275732,"LAGUNA / ELLIS",E,13517.0,49500.0,2263,13.4
875,37.797094,-122.406395,"644 PACIFIC AVE",A,13517.0,49500.0,1063,6.3
878,37.7338905,-122.4309497,"1200 BLK SAN JOSE",H,13517.0,49800.0,2502,14.9
877,37.7344847,-122.4297229,"1100 BLK SAN JOSE",H,13517.0,49800.0,2502,14.9
879,37.77623320000001,-122.4116211,"8TH & HOWARD",B,13517.0,49980.0,2670,15.9
880,37.7430073,-122.4767795,"20TH AVE/TARAVAL ST",I,13517.0,50100.0,1378,8.2
881,37.7757565,-122.4244037,"OCTAVIA BLVD & FELL STREET",E,13517.0,50100.0,2263,13.4
882,37.7775012,-122.41632,"1300 MARKET",B,13517.0,50160.0,2670,15.9
885,37.737364,-122.3935534,"NEWCOMB & LANE",C,13517.0,50400.0,2001,11.9
883,37.7146461,-122.4514345,"2687 SAN JOSE",I,13517.0,50400.0,1378,8.2
884,37.7751225,-122.4193352,"MARKET ST/U.S.101 RAMP AT OCTAVIA BLVD",E,13517.0,50400.0,2263,13.4
886,37.7757565,-122.4244037,"OCTAVIA BLVD & FELL STREET",E,13517.0,50400.0,2263,13.4
887,37.777463,-122.4131762,"8TH & MISSION",B,13517.0,50520.0,2670,15.9
888,37.798506200000006,-122.3983158,"ARMY & VERMONT",C,13517.0,50700.0,2001,11.9
889,37.7769251,-122.42155890000002,"GROVE & FRANKLIN",E,13517.0,51000.0,2263,13.4
890,37.7344847,-122.4297229,"1100 BLK SAN JOSE",H,13517.0,51060.0,2502,14.9
891,37.7751225,-122.4193352,"MARKET ST/U.S.101 RAMP AT OCTAVIA BLVD",E,13517.0,51600.0,2263,13.4
893,37.7757565,-122.4244037,"OOCTAVIA BLVD & FELLSTREET",E,13517.0,51900.0,2263,13.4
892,37.7751225,-122.4193352,"MARKET ST/U.S.101 RAMP AT OCTAVIA BLVD",E,13517.0,51900.0,2263,13.4
894,37.7819571,-122.43582659999998,PIERCE/ELLIS,F,13517.0,51900.0,1340,8.0
895,37.744038,-122.4209151,"MISSION/29TH ST",H,13517.0,52140.0,2502,14.9
896,37.7316428,-122.3919104,3RD/SHAFTER,C,13517.0,52380.0,2001,11.9
899,37.7890791,-122.44716909999998,PRESIDIO/CLAY,F,13517.0,52800.0,1340,8.0
897,37.7757565,-122.4244037,"OCTAVIA BLVD & FELL STREET",E,13517.0,52800.0,2263,13.4
898,37.7887982,-122.4270946,OCTAVIA/PINE,E,13517.0,52800.0,2263,13.4
900,37.7994642,-122.40891,COLUMBUS/GREEN,A,13517.0,52860.0,1063,6.3
766,37.728492,-122.3845827,"REVERE AVE & INGALLS",C,13517.0,6300.0,2001,11.9
902,37.7757565,-122.4244037,"OCTAVIA BLVD & FELL STREET",E,13517.0,54000.0,2263,13.4
903,37.7757565,-122.4244037,"OCTAVIA BLVD & FELL STREET",E,13517.0,54000.0,2263,13.4
901,37.7978749,-122.4067162,COLUMBUS/BROADWAY,A,13517.0,54000.0,1063,6.3
904,37.7427946,-122.4770192,"1007 TARAVAL",I,13517.0,54600.0,1378,8.2
905,37.7430517,-122.4757338,"TARAVAL/19TH AVE",I,13517.0,55020.0,1378,8.2
906,37.7236761,-122.4551215,BRIGHTON/OCEAN,I,13517.0,55200.0,1378,8.2
907,37.712548,-122.4551057,"26 SADOWA ST",I,13517.0,55800.0,1378,8.2
908,37.7142738,-122.4680174,"RANDOLPH ST. & VERNON",I,13517.0,59880.0,1378,8.2
910,37.7288315,-122.4194094,"CAMBRIDGE@PIOCHE ST",H,13517.0,60300.0,2502,14.9
909,37.778701700000006,-122.4062158,"270 6TH ST",J,13517.0,60300.0,1045,6.2
911,37.7788516,-122.4082874,"HOWARD & RUSS",B,13517.0,60600.0,2670,15.9
912,37.734894,-122.415682,CRESCENT/ANDERSON,H,13517.0,61020.0,2502,14.9
913,37.7862912,-122.440886,"2640 BUSH",G,13517.0,61080.0,1076,6.4
915,37.7868363,-122.4048671,"OFARRELL & GRANT",J,13517.0,61500.0,1045,6.2
914,37.7744948,-122.4149503,"10TH STREET & NATOMA",B,13517.0,61500.0,2670,15.9
916,37.7858864,-122.4349405,STEINER/SUTTER,E,13517.0,61620.0,2263,13.4
917,37.77623320000001,-122.4116211,"S/B 8TH ST AT HOWARD",B,13517.0,61800.0,2670,15.9
918,37.7780564,-122.4046852,"353 6TH ST",B,13517.0,62100.0,2670,15.9
919,37.7460969,-122.4269232,"CHURCH @ DUNCAN",H,13517.0,62400.0,2502,14.9
920,37.8016363,-122.41497379999998,"GREENWICH/ROACH AL",A,13517.0,62400.0,1063,6.3
921,37.7729108,-122.45431440000002,STANYAN/HAYES,F,13517.0,62400.0,1340,8.0
922,37.7784159,-122.4088524,"HOWARD & MOSS",B,13517.0,63000.0,2670,15.9
923,37.7858864,-122.4349405,STEINER/SUTTER,E,13517.0,63000.0,2263,13.4
924,37.7707533,-122.4247605,"MARKET AND GUERRERO STREET",D,13517.0,63240.0,1482,8.8
925,37.7336846,-122.426396,"MISSION & MURRAY",H,13517.0,63300.0,2502,14.9
926,37.7505174,-122.4761259,"N/B 19TH AV. & CHESTER ST.",I,13517.0,64200.0,1378,8.2
927,37.7721024,-122.44575259999998,"OAK AND MASONIC ST",F,13517.0,64620.0,1340,8.0
928,37.773644700000006,-122.4409359,"BAKER ST AT FELL ST",F,13517.0,64920.0,1340,8.0
929,37.76356129999999,-122.4173765,"SOUTH VAN NESS & 17TH ST",D,13517.0,65040.0,1482,8.8
930,37.7800853,-122.435432,"TURK & PIERCE",F,13517.0,65280.0,1340,8.0
931,37.7752838,-122.4159371,"10TH STREET & MISSION",B,13517.0,65700.0,2670,15.9
932,37.7765189,-122.4226619,"600BLK LINDEN",E,13517.0,66180.0,2263,13.4
933,37.781225,-122.434012,"EDDY & STIENER",F,13517.0,66300.0,1340,8.0
934,37.7819584,-122.4207277,"TURK & VAN NESS",J,13517.0,66300.0,1045,6.2
935,37.7292939,-122.392758,3RD/WILLIAMS,C,13517.0,66600.0,2001,11.9
937,37.7659736,-122.4310356,"SANCHEZ & MARKET STS",F,13517.0,66600.0,1340,8.0
936,37.7721024,-122.44575259999998,"OAK AND MASONIC",F,13517.0,66600.0,1340,8.0
938,37.72893699999999,-122.424815,"551 SILVER AVE",H,13517.0,66660.0,2502,14.9
939,37.7851838,-122.417931,"OFARRELL & LARKIN",J,13517.0,66900.0,1045,6.2
940,37.7588962,-122.4983182,"39TH AVE & KIRKHAM ST",I,13517.0,67200.0,1378,8.2
941,37.7588962,-122.4983182,"KIRKHAM ST & 39TH AVE",I,13517.0,67200.0,1378,8.2
942,37.7782213,-122.4350777,"MCALLISTER AT DIVISADERO",F,13517.0,67200.0,1340,8.0
943,37.7856284,-122.4153408,"AMLEMANY BL/PUTNAM",H,13517.0,67500.0,2502,14.9
945,37.7762287,-122.4431492,"FULTON & LYON",F,13517.0,67500.0,1340,8.0
944,37.7677274,-122.42897240000002,"CHURCH / 14TH",E,13517.0,67500.0,2263,13.4
946,37.7826882,-122.4224926,FRANKLIN/EDDY,E,13517.0,67800.0,2263,13.4
947,37.7751225,-122.4193352,"MARKET & VAN NESS",B,13517.0,67800.0,2670,15.9
948,37.783926,-122.433072,"FILLMORE / WALLER",E,13517.0,68100.0,2263,13.4
949,37.7318123,-122.4259838,"ALEMANY AND CONGDON",H,13517.0,68400.0,2502,14.9
950,37.7677274,-122.42897240000002,CHURCH/14TH,E,13517.0,68400.0,2263,13.4
951,37.7118921,-122.4152029,"1400 SUNNYDALE",H,13517.0,68700.0,2502,14.9
952,37.7775012,-122.41632,"MARKET & 9TH STREET",B,13517.0,69000.0,2670,15.9
953,37.7619076,-122.4182989,"18TH & CAPP",D,13517.0,69300.0,1482,8.8
954,37.7787205,-122.4386229,"GOLDEN GATE & DIVIS",F,13517.0,69300.0,1340,8.0
955,37.769305,-122.4315887,STEINER/DUBOCE,E,13517.0,69300.0,2263,13.4
956,37.769177,-122.4293581,"100 CHURCH",F,13517.0,69600.0,1340,8.0
957,37.7755979,-122.4187421,"11TH STREET & MARKET",B,13517.0,69600.0,2670,15.9
958,37.7126109,-122.4178863,"1800BLK SUNNYDALE",H,13517.0,69900.0,2502,14.9
959,37.7861318,-122.41240220000002,"5TH & O'FARRELL",J,13517.0,69900.0,1045,6.2
960,37.7690507,-122.4358075,"CASTRO AND DUBOCE ST",F,13517.0,70200.0,1340,8.0
962,37.7693171,-122.4313902,SANCHEZ/DUBOCE,E,13517.0,70500.0,2263,13.4
961,37.749699,-122.3973141,"CESAR CHAVEZ/EVANS",C,13517.0,70500.0,2001,11.9
963,37.7775135,-122.41806470000002,POLK/HAYES,E,13517.0,70800.0,2263,13.4
964,37.7651639,-122.4847813,26TH/LINCOLN,I,13517.0,71100.0,1378,8.2
965,37.77274269999999,-122.4255451,HAIGHT/LAGUNA,E,13517.0,71160.0,2263,13.4
966,37.711046,-122.412902,"SUNNYDALE & GARRISON",H,13517.0,71520.0,2502,14.9
967,37.7190781,-122.4110143,MANSELL/VISITACION,H,13517.0,72180.0,2502,14.9
968,37.7300566,-122.3924773,3RD/UNDERWOOD,C,13517.0,72300.0,2001,11.9
969,37.7777086,-122.4315959,FULTON/FILLMORE,F,13517.0,73500.0,1340,8.0
970,37.7598419,-122.4767623,"19TH AVE & KIRKHAM",I,13517.0,74400.0,1378,8.2
767,37.7998947,-122.4360847,"LOMBARD AVE AND FILLMORE ST",E,13517.0,7500.0,2263,13.4
753,37.7456035,-122.4198975,MISSION/VALENCIA,H,13517.0,1260.0,2502,14.9
768,37.7896366,-122.4205069,"W/B PINE STREET @ POLK ST",A,13517.0,7800.0,1063,6.3
971,37.7092059,-122.4521975,"5850 MISSION ST",H,13517.0,76260.0,2502,14.9
972,37.7846891,-122.4493116,LAUREL/EUCLID,F,13517.0,76980.0,1340,8.0
973,37.7726574,-122.4096304,ARMY/HARRISON,C,13517.0,77100.0,2001,11.9
974,37.7884282,-122.4088091,"400 POST",J,13517.0,77400.0,1045,6.2
975,37.7335134,-122.4341752,BOSWORTH/RODDECK,H,13517.0,77700.0,2502,14.9
976,37.7976366,-122.4086324,STOCKTON/BROADWAY,A,13517.0,77940.0,1063,6.3
977,37.7482828,-122.4181853,"3048 MISSION ST",D,13517.0,78300.0,1482,8.8
978,37.7720392,-122.495998,"36TH AVE/FULTON ST",G,13517.0,78360.0,1076,6.4
979,37.7410375,-122.4228531,"MISSION @ CORTLAND",H,13517.0,78600.0,2502,14.9
769,37.7567613,-122.4236668,"MISSION ST AT 21ST ST",D,13517.0,8340.0,1482,8.8
770,37.78892929999999,-122.3981479,"MISSION ST AT 2ST STD",D,13517.0,8340.0,1482,8.8
754,37.7255378,-122.3943578,"3RD ST & CARROL",C,13517.0,1320.0,2001,11.9
980,37.77962670000001,-122.502994,"42ND & POINT LOBOS",G,13517.0,79200.0,1076,6.4
981,37.7774951,-122.4996091,39TH/ANZA,G,13517.0,79500.0,1076,6.4
982,37.719877200000006,-122.43885,"4950 MISSION ST.",H,13517.0,79500.0,2502,14.9
983,37.7835276,-122.4076285,5THST&STEVENSONST,A,13517.0,79500.0,1063,6.3
984,37.7706429,-122.4124994,11TH/HARRISON,B,13517.0,79560.0,2670,15.9
985,37.7820772,-122.4838124,"CLEMENT ST & 24TH AVE",G,13517.0,80400.0,1076,6.4
986,37.7123578,-122.4182867,SUNNYDALE/SANTOS,H,13517.0,80700.0,2502,14.9
987,37.778524100000006,-122.4056342,"6TH ST @ FOLSOM",B,13517.0,80940.0,2670,15.9
988,37.7959293,-122.4217783,BROADWAY/POLK,A,13517.0,80940.0,1063,6.3
989,37.7983137,-122.4047692,"448 BROADWAY",A,13517.0,81000.0,1063,6.3
991,37.731248,-122.373905,"800 INNES",C,13517.0,81000.0,2001,11.9
990,37.7625949,-122.4617399,"750 PARNASSUS",F,13517.0,81000.0,1340,8.0
992,37.794062,-122.4000938,"300 BATERY",A,13517.0,81300.0,1063,6.3
993,37.7817898,-122.4532053,"SPRUCE ST & GEARY BLVD",G,13517.0,81720.0,1076,6.4
994,37.763706,-122.4151739,"FOLSOM ST 17TH ST",D,13517.0,81840.0,1482,8.8
997,37.7704404,-122.4436739,HAIGHT/CENTRAL,F,13517.0,81900.0,1340,8.0
995,37.7786684,-122.4738506,"ANZA ST & 15TH AVE",G,13517.0,81900.0,1076,6.4
996,37.7742917,-122.4359679,"DIVISADERO/FELL ST",F,13517.0,81900.0,1340,8.0
771,37.7597878,-122.4189638,"2327 MISSION ST",D,13517.0,8700.0,1482,8.8
1001,37.7843664,-122.4093244,"EDDY ST. & MASON ST.",J,13517.0,82200.0,1045,6.2
999,37.7602395,-122.4192312,"19TH & MISSION",D,13517.0,82200.0,1482,8.8
998,37.7623536,-122.4373688,"17TH & DIAMOND",F,13517.0,82200.0,1340,8.0
1000,37.739069,-122.4151287,"707 CORTLAND",H,13517.0,82200.0,2502,14.9
1002,37.7984385,-122.4022479,SANSOME/BROADWAY,A,13517.0,82320.0,1063,6.3
1003|1004,37.708887700000005,-122.4052393,BAYSHORE/SUNNYDALE,H,13517.0,82500.0,2502,14.9
1008,37.7201919,-122.39488090000002,INGERSON/JENNINGS,C,13517.0,82800.0,2001,11.9
1006,37.7372106,-122.3899382,3RD/LASALLE,C,13517.0,82800.0,2001,11.9
1007,37.784007200000005,-122.4080931,"5TH ST. & MARKET ST/",J,13517.0,82800.0,1045,6.2
1005,37.7720773,-122.4119113,"10TH ST. & SHERIDAN ST.",B,13517.0,82800.0,2670,15.9
1009,37.8001126,-122.4042717,GREEN/EMBARCADERO,A,13517.0,83040.0,1063,6.3
1010,37.711563100000006,-122.4670862,"ALEMANY AND ARCH",I,13517.0,83100.0,1378,8.2
1012,37.76467879999999,-122.404521,VERMONT/17TH,C,13517.0,83700.0,2001,11.9
1011,37.7402705,-122.3768584,CARGO/JENNINGS,C,13517.0,83700.0,2001,11.9
1013,37.7842477,-122.4177402,"ELLIS ST. & LARKIN ST",J,13517.0,84000.0,1045,6.2
1014,37.7739785,-122.4308495,"FILLMORE/OAK ST.",E,13517.0,84240.0,2263,13.4
1015,37.77064910000001,-122.4420303,"HAIGHT & LYON",F,13517.0,84300.0,1340,8.0
1016,37.7809341,-122.41367859999998,"MCALLISTER ST. & LEAVENWORTH ST.",J,13517.0,84600.0,1045,6.2
1017,37.8032174,-122.42502240000002,"VANN NESS AV & FRANCISCO ST",A,13517.0,85200.0,1063,6.3
1018,37.7498115,-122.3953233,"CESAR CHAVEZ AND MOSSOURI",C,13517.0,85500.0,2001,11.9
1019,37.78403970000001,-122.4193807,"ELLIS ST. & POLK ST.",J,13517.0,85500.0,1045,6.2
1020,37.7776674,-122.44693,"MASONIC & GOLDEN GATE",F,13517.0,85800.0,1340,8.0
1021,37.786119,-122.4181182,"LARKIN ST. & GEARY BLVD.",J,13517.0,86100.0,1045,6.2
772,37.7619076,-122.4182989,18TH/CAPP,D,13517.0,9600.0,1482,8.8
773,37.7459894,-122.4941898,"36TH AVE/ RIVERA",I,13517.0,10500.0,1378,8.2
774,37.772065600000005,-122.4311526,"FILLMORE/HAIGHT ST",E,13517.0,10680.0,2263,13.4
756,37.783905700000005,-122.4099596,"N/B MASON STREET @ CALIFORNIA ST",A,13517.0,1800.0,1063,6.3
755,37.735049,-122.4404051,"BOSWORTH ST/ELK ST",H,13517.0,1800.0,2502,14.9
775,37.7494732,-122.41115220000002,"26TH & TENNESSEE ST",C,13517.0,11100.0,2001,11.9
776,37.7277189,-122.4058424,"MARTIN LUTHER KING &LINCOLN",G,13517.0,13500.0,1076,6.4
757,37.72243029999999,-122.3957626,"GILMAN/3RD ST",C,13517.0,2580.0,2001,11.9
777,37.7849534,-122.4347538,"CALIFORNIA & STEINER",G,13517.0,16800.0,1076,6.4
759,37.781163600000006,-122.4632232,"GEARY & 5TH",G,13517.0,2700.0,1076,6.4
758,37.7206983,-122.3912629,"1191 FITZGERALD",C,13517.0,2700.0,2001,11.9
761,37.65042570000001,-122.4360852,"BADEN & SAN JOSE",H,13517.0,3000.0,2502,14.9
760,37.7749295,-122.4194155,"85 PARADISE/ELK",H,13517.0,3000.0,2502,14.9
778,37.7140877,-122.4560934,PLMOUTH/FARALLONES,I,13517.0,26400.0,1378,8.2
779,37.7616579,-122.4212887,"18TH ST & VALENCIA ST",D,13517.0,27120.0,1482,8.8
781,37.7735576,-122.4341338,PIERCE/OAK,F,13517.0,27600.0,1340,8.0
780,37.7294019,-122.4260616,CONGDON/MAYNARD,H,13517.0,27600.0,2502,14.9
783,37.7294019,-122.4260616,CONGDON/MAYNARD,H,13517.0,27900.0,2502,14.9
782,37.7418301,-122.4501076,"321 TERESITA BLVD",H,13517.0,27900.0,2502,14.9
784,37.7281024,-122.4353885,"1514 ALEMANY BLVD",K,13517.0,27960.0,20,0.1
785,37.737134600000005,-122.4673225,"SAN BENITO AND SAN ANSELMO",I,13517.0,28200.0,1378,8.2
786,37.7846684,-122.4144517,"ELLIS & LEAVENWORTH",J,13517.0,28800.0,1045,6.2
787,37.734723,-122.4752275,"19TH AVE/SLOAT",I,13517.0,29400.0,1378,8.2
788,37.731382700000005,-122.4732161,"2555 OCEAN AVE",I,13517.0,29640.0,1378,8.2
789,37.7647943,-122.4240849,16TH/GUERRERO,D,13517.0,29700.0,1482,8.8
790|791,37.7294019,-122.4260616,CONGDON/MAYNARD,H,13517.0,29940.0,2502,14.9
792,37.7872593,-122.431659,WEBSTER/BUSH,E,13517.0,30060.0,2263,13.4
793,37.7316306,-122.4397675,"MONTEREY @ BADEN",H,13517.0,30420.0,2502,14.9
794,37.7297605,-122.3979675,"201 WILLIAMS ST",K,13517.0,30480.0,20,0.1
796,37.7830119,-122.4124237,"TURK & JONES",J,13517.0,30600.0,1045,6.2
795,37.76916920000001,-122.4078133,"21 ST & POTRERO",D,13517.0,30600.0,1482,8.8
797,37.76147050000001,-122.4823792,JUDAH/24TH,I,13517.0,30660.0,1378,8.2
798,37.734036,-122.4890509,SLOAT/EVERGLADE,I,13517.0,31380.0,1378,8.2
799|800,37.7294019,-122.4260616,CONGDON/MAYNARD,H,13517.0,31500.0,2502,14.9
801,37.76147050000001,-122.4823792,JUDAH/24TH,I,13517.0,31800.0,1378,8.2
802,37.7249883,-122.3933898,"CARROLL & PHELPSTEOLA",C,13517.0,32040.0,2001,11.9
804,37.7749295,-122.4194155,"600 EDDYONESENWORTH",J,13517.0,32400.0,1045,6.2
